Draft Class,Name,School,Position,Height,Weight,Hand Size,Arm Length,Wonderlic,40 Yard Dash,Bench Press,Vertical,Broad Jump,Shuttle,3 Cone,60Yd Shuttle
2023,Malaesala Aumavae-Laulu,Oregon,OT,77.5,317,10.5,34.5,,5.23,18,28.5,106,4.75,7.65,
2023,Matthew Bergeron,Syracuse,OT,77.25,318,9.5,33.75,,,,30.5,103,4.66,7.38,
2023,Earl Bostick,Kansas,OT,77.75,309,9.5,34.13,,5.05,,31,111,,,
2023,McClendon Curtis,Tennessee-Chattanooga,OT,77.88,324,10.25,35,,5.24,25,26.5,105,4.97,7.7,
2023,Jaelyn Duncan,Maryland,OT,77.63,306,9.38,33,,5.1,,31.5,113,,,
2023,Blake Freeland,Brigham Young,OT,79.88,302,10,33.88,,4.98,25,37,120,4.71,7.46,
2023,Connor Galvin,Baylor,OT,78.63,299,9,32.38,,5.48,29,30.5,104,4.92,8,
2023,Richard Gouraige,Florida,OT,77,306,10,34,,,23,,,,,
2023,Ryan Hayes,Michigan,OT,78.38,305,10,32.5,,5.18,,30,103,4.68,7.39,
2023,Paris Johnson,Ohio State,OT,78.38,313,9.5,36.13,,,29,,110,,,
2023,Broderick Jones,Georgia,OT,77.38,313,10.63,34.75,,4.97,,30,108,,,
2023,Dawand Jones,Ohio State,OT,80.25,374,11.63,36.38,,5.35,,,,,,
2023,Jaxson Kirkland,Washington,OT,78.88,321,10.5,33.5,,,19,,,,,
2023,Wanya Morris,Oklahoma,OT,77.38,307,10.25,35.13,,5.1,,28.5,111,,,
2023,John Ojukwu,Boise State,OT,77.75,309,10.75,34,,5.24,26,28.5,104,4.52,7.52,
2023,Nick Saldiveri,Old Dominion (VA),OT,78.25,318,10.25,33.25,,5.21,24,31,111,4.69,,
2023,Tyler Steen,Alabama,OT,78,321,10.5,32.75,,,31,29.5,109,4.59,7.78,
2023,Dalton Wagner,Arkansas,OT,80,320,10.5,34.38,,,24,24.5,102,,,
2023,Carter Warren,Pittsburgh,OT,77.5,311,9.13,35.38,,,,,,,,
2023,Darnell Wright,Tennessee,OT,77.38,333,9,33.75,,5.01,,29,114,4.72,,
2022,Logan Bruss,Wisconsin,OT,77,308,11,33.13,,5.32,,31,112,4.55,7.57,
2022,Charles Cross,Mississippi State,OT,76.75,307,10.75,34.5,,4.95,,26,112,4.61,7.88,
2022,Myron Cunningham,Arkansas,OT,77.63,322,10.5,34.5,,5.38,26,20,98,5.16,8.5,
2022,Austin Deculus,Louisiana State,OT,77,321,9.25,34.38,,5.08,,28.5,109,4.99,,
2022,Kellen Diesch,Arizona State,OT,79.13,301,9.5,32.25,,4.89,,32.5,110,4.43,7.77,
2022,Ikem Ekwonu,North Carolina State,OT,76,310,10.25,34,,4.93,,29,108,4.73,7.82,
2022,Obinna Eze,Texas Christian,OT,78.5,321,9.88,36.13,,5.17,18,27.5,104,5.08,8.2,
2022,Daniel Faalele,Minnesota,OT,80,384,11,35.13,,,24,,,,,
2022,Braxton Jones,Southern Utah,OT,77.25,310,10.25,35.38,,4.97,,25.5,108,4.84,,
2022,Vederian Lowe,Illinois,OT,76.63,310,10.38,35.38,,5.22,22,25.5,99,4.71,7.83,
2022,Abraham Lucas,Washington State,OT,78.38,315,10.5,33.88,,4.92,24,27,107,4.4,7.25,
2022,Cade Mays,Tennessee,OT,76.75,311,10,34.13,,5.24,,26,102,4.71,7.57,
2022,Marcus McKethan,North Carolina,OT,78.5,340,10.5,35.5,,5.31,27,27.5,110,4.99,7.81,
2022,Max Mitchell,Louisiana-Lafayette,OT,78.25,307,10,33.5,,5.32,,25,106,4.65,8.09,
2022,Thayer Munford,Ohio State,OT,77.75,328,10.13,35.13,,5.39,,22,104,,,
2022,Evan Neal,Alabama,OT,79.5,337,10.13,34,,,,,,,,
2022,Trevor Penning,Northern Iowa,OT,79.13,325,10.13,34.25,,4.89,,28,111,4.62,7.25,
2022,Nicholas Petit-Frere,Ohio State,OT,77.13,316,10.75,33.63,,5.14,,24.5,103,,,
2022,Bernhard Raimann,Central Michigan,OT,78.13,303,10.25,32.88,,5.05,30,30.5,117,4.49,7.46,
2022,Dare Rosenthal,Kentucky,OT,78.75,290,9,33.5,,4.88,,,,,,
2022,Tyler Smith,Tulsa (OK),OT,76.88,327,10.63,34.25,,5.02,25,27.5,105,4.65,7.78,
2022,Andrew Stueber,Michigan,OT,78.63,325,10,34.13,,,,24.5,101,4.9,7.94,
2022,Luke Tenuta,Virginia Tech,OT,80,319,10.13,32.88,,5.41,,26,104,4.77,,
2022,Zachary Thomas,San Diego State,OT,76.88,308,10.25,33.88,,4.96,21,22.5,107,4.65,7.4,
2022,Matt Waletzko,North Dakota,OT,79.63,312,10.25,36.13,,5.03,,30,113,,,
2022,Rasheed Walker,Penn State,OT,77.63,313,10.63,33.63,,,,,,,,
2021,Calvin Ashley,Florida A&M,OT,78.13,314,10.125,34.25,,5.55,15,29,105,5,8.46,
2021,Josh Ball,Marshall (WV),OT,79.38,308,10,35,,5.2,28,27.5,106,4.7,7.77,
2021,Spencer Brown,Northern Iowa,OT,80.25,311,10.375,34.75,,4.94,29,31.5,117,4.4,6.96,
2021,Larnel Coleman,Massachusetts,OT,78.25,307,10.375,36.25,,5.17,24,31,113,4.69,7.69,
2021,Samuel Cosmi,Texas,OT,77.88,314,10.25,33,,4.87,36,30,117,4.39,7.35,
2021,Coy Cronk,Iowa,OT,76.63,305,,,,,,,113,,,
2021,Jake Curhan,California,OT,77.88,316,10.25,33,,5.45,15,24,102,4.84,8.07,
2021,Tommy Doyle,Miami (OH),OT,80,320,10.375,35.125,,5.12,24,33.5,111,4.57,7.42,
2021,Liam Eichenberg,Notre Dame,OT,78.13,306,9.625,32.375,,,33,26.5,105,4.57,7.53,
2021,Stone Forsythe,Florida,OT,80,307,10,34.375,,5.13,25,27.5,103,4.63,7.47,
2021,Will Fries,Penn State,OT,78.38,309,10.25,32.875,,5.38,24,31,115,4.51,7.75,
2021,Carson Green,Texas A&M,OT,78.13,320,10.375,34.5,,5.33,23,29.5,108,4.75,7.08,
2021,Devery Hamilton,Duke,OT,78.63,311,10.125,33,,5.27,21,33.5,112,4.89,7.81,
2021,Chandon Herring,Brigham Young,OT,78.75,307,9.25,33.75,,5.05,26,29,113,4.69,7.65,
2021,Alaric Jackson,Iowa,OT,77.5,321,9.5,32.5,,5.4,20,25,103,4.92,7.69,
2021,Brenden Jaimes,Nebraska,OT,77,298,10,32.625,,,25,30.5,112,4.5,7.46,
2021,Teven Jenkins,Oklahoma State,OT,77.88,317,9.5,33.5,,5.01,36,32.5,106,4.68,7.69,
2021,Alex Leatherwood,Alabama,OT,77.13,312,9.5,33.875,,5.01,,34.5,118,4.65,7.45,
2021,Walker Little,Stanford,OT,79.38,313,10.125,33.75,,5.3,24,29.5,111,4.59,7.44,
2021,Jalen Mayfield,Michigan,OT,77.25,326,9.75,32.625,,5.39,,28.5,96,4.91,7.86,
2021,Dan Moore,Texas A&M,OT,77.63,311,10.25,34.5,,5.21,28,30.5,110,4.73,7.56,
2021,Jaylon Moore,Western Michigan,OT,76.13,311,11,33.375,,5.27,27,30.5,106,4.63,7.77,
2021,Dillon Radunz,North Dakota State,OT,77.75,301,9.125,34,,5.16,24,32,112,4.57,7.26,
2021,Penei Sewell,Oregon,OT,76.88,331,10.375,33.25,,5.1,30,28,109,4.68,7.76,
2021,Kyle Spalding,San Diego State,OT,78.5,299,9.625,33,,5.4,18,25.5,101,4.88,7.9,
2021,Cole Van Lanen,Wisconsin,OT,76.25,305,9.75,33.375,,5.11,22,30,107,4.64,7.34,
2021,Gunnar Vogel,Northwestern,OT,78.25,306,10.125,34.25,,5.47,23,26,105,4.92,7.67,
2021,Landon Young,Kentucky,OT,78.13,310,10.125,33.75,,5.18,34,30.5,108,4.89,7.7,
2020,Trey Adams,Washington,OT,80,318,9.88,34.38,,5.6,,24.5,92,,,
2020,Ben Bartch,St. Johns (MN),OT,77.75,309,9,32.88,,,,,,,,
2020,Mekhi Becton,Louisville,OT,79.38,364,10.75,35.63,,5.1,23,,,,,
2020,Tony Brown,Colorado,OT,73,195,9.25,31.5,,4.65,14,33.5,119,4.27,7.21,
2020,Saahdiq Charles,Louisiana State,OT,76.13,321,10,33,,5.05,,,,,,
2020,Ezra Cleveland,Boise State,OT,78,311,9,33.38,,4.93,30,30,111,4.46,7.26,
2020,Jack Driscoll,Auburn,OT,76.63,306,9.88,33,,5.02,23,29.5,114,,,
2020,Yasir Durant,Missouri,OT,78,331,9.5,34.75,,5.52,21,25,,,,
2020,Charlie Heck,North Carolina,OT,79.63,311,10.25,34.13,,5.16,21,28,112,4.86,8.02,
2020,Austin Jackson,Southern California,OT,76.88,322,10.25,34.13,,5.07,27,31,115,,7.95,
2020,Josh Jones,Houston,OT,77,319,10.13,33.88,,5.27,24,28.5,109,,,
2020,Colton McKivitz,West Virginia,OT,78.13,306,10,33.75,,5.35,20,26,106,5,7.87,
2020,Kyle Murphy,Rhode Island,OT,76,302,10,33.88,,5.3,19,28,104,4.68,7.81,
2020,Lucas Niang,Texas Christian,OT,78,315,10.5,34.25,,,,,,,,
2020,Matt Peart,Connecticut,OT,78.63,318,9.5,36.63,,5.06,26,30,113,4.92,8.01,
2020,Jacob Phillips,Louisiana State,OT,75,229,10,32.38,,4.66,,39,126,4.33,7.38,
2020,John Simpson,Clemson,OT,76.13,321,11.25,34.13,,5.24,34,30,107,4.87,8.03,
2020,Terence Steele,Texas Tech,OT,78,310,9.5,35.13,,5.03,27,27.5,106,5.08,,
2020,Alex Taylor,South Carolina State,OT,80.38,308,11.25,36.13,,5.09,21,25,116,4.79,7.77,
2020,Prince Wanogho Tega,Auburn,OT,77,308,10.38,33.5,,,,,,,,
2020,Andrew Thomas,Georgia,OT,77.13,315,10.25,36.13,,5.22,21,30.5,109,4.66,7.58,
2020,Calvin Throckmorton,Oregon,OT,77,317,9.5,32.5,,5.57,23,27,97,4.98,8.07,
2020,Jedrick Wills,Alabama,OT,76.25,312,10,34.25,,5.05,,34.5,113,4.84,,
2020,Isaiah Wilson,Georgia,OT,78.5,350,10.25,35.5,,5.32,26,29,110,5.07,8.26,
2020,Tristan Wirfs,Iowa,OT,76.88,320,10.25,34,,4.85,24,36.5,121,4.68,7.65,
2019,Paul Adams,Missouri,OT,77.88,317,10,33.5,,5.18,16,27,103,4.74,7.68,
2019,Marcus Applefield,Virginia,OT,76.88,304,10.38,32.25,,5.3,32,26.5,108,4.62,7.23,
2019,Kendall Baker,Georgia,OT,76.88,314,9.38,33.5,,,23,,,,,
2019,Jackson Barton,Utah,OT,79.25,310,9.25,34,,5.18,25,27,109,4.66,7.85,
2019,Ryan Bates,Penn State,OT,76.5,306,9.5,32.5,,5.09,28,27,102,4.53,7.45,
2019,Alex Bookser,Pittsburgh,OT,78.13,318,9.13,33.75,,,29,,,,,
2019,Yodny Cajuste,West Virginia,OT,76.88,312,10,34,,,32,,,,,
2019,Tariq Cole,Rutgers,OT,77.75,324,10.75,34.375,,5.43,27,25,105,4.9,7.84,
2019,Dennis Daley,South Carolina,OT,77,317,9.5,33.38,,5.23,20,26.5,103,4.92,7.95,
2019,Andre Dillard,Washington State,OT,77,315,10,33.5,,4.96,24,29,118,4.4,7.44,
2019,Chuma Edoga,Southern California,OT,75.5,308,9.63,34.75,,5.19,21,24.5,108,4.53,7.47,
2019,David Edwards,Wisconsin,OT,78.25,308,9.75,33.38,,5.28,16,25.5,99,4.77,7.69,
2019,Derwin Gray,Maryland,OT,76.5,320,9.63,34.375,,5.26,26,26,90,4.94,8.15,
2019,Donnell Greene,Minnesota,OT,77.25,335,9.5,35.25,,,,,,,,
2019,Blake Hance,Northwestern,OT,77.63,305,10.13,32.125,,5.29,27,27,107,4.69,7.65,
2019,Brandon Hitner,Villanova,OT,78.13,305,10.25,33.875,,5.19,23,32.5,116,4.65,7.67,
2019,Tytus Howard,Alabama State,OT,77,322,10.63,34,,5.05,21,29.5,103,4.87,8.34,
2019,Mitch Hyatt,Clemson,OT,77.38,303,10.25,34.125,,5.29,28,25.5,102,4.52,7.72,
2019,Devon Johnson,Ferris State (MI),OT,79.25,338,9.5,34.75,,5.12,26,27.5,89,5.28,8.34,
2019,Derrick Kelly,Florida State,OT,76.75,307,9.75,34,,5.44,25,28,105,5.03,8.2,
2019,Brandon Knight,Indiana,OT,75.75,314,10,33.375,,,27,,,,,
2019,Patrick Lawrence,Baylor,OT,78.13,303,9.75,34.125,,,,,,,,
2019,Greg Little,Mississippi,OT,77.25,310,10.25,35.25,,5.33,15,25,113,4.74,8.19,
2019,Joe Lowery,Ohio,OT,78.13,300,9.75,32.5,,5.22,23,26.5,101,4.97,8,
2019,Koda Martin,Syracuse,OT,78.63,300,9.5,32.625,,5.19,24,27,102,4.7,7.5,
2019,Kaleb McGary,Washington,OT,79.5,320,10.25,32.875,,5.05,23,33.5,111,4.58,7.66,
2019,Aaron Monteiro,Boston College,OT,78,311,10.25,33.875,,5.31,19,29.5,106,4.77,7.82,
2019,Yosuah Nijman,Virginia Tech,OT,78.75,314,10.13,34.125,,4.88,27,30.5,114,4.5,8.07,
2019,Trey Pipkins,Sioux Falls,OT,78.13,309,9.63,33.875,,5.12,16,33.5,114,4.7,7.61,
2019,Ryan Pope,San Diego State,OT,79,320,11.13,34.25,,5.03,25,28.5,98,5.09,7.85,
2019,Isaiah Prince,Ohio State,OT,78.5,305,10.13,35.5,,5.09,23,27,115,5.02,7.9,
2019,Dalton Risner,Kansas State,OT,76.75,312,10.25,34,,5.3,23,28.5,110,4.52,7.69,
2019,Tyler Roemer,San Diego State,OT,78.38,312,10.25,33.875,,5.21,18,30.5,108,4.76,7.75,
2019,Brock Ruble,Toledo,OT,80.25,324,9.63,33.625,,5.4,15,24.5,100,5.13,8.15,
2019,Max Scharping,Northern Illinois,OT,77.88,327,10,33.625,,,27,28,108,4.69,7.77,
2019,Justin Skule,Vanderbilt,OT,78.63,320,10,33.875,,5.26,22,25.5,105,4.73,7.54,
2019,William Sweet,North Carolina,OT,78,313,10.13,34.375,,5.27,23,30.5,111,5,8.01,
2019,Jawaan Taylor,Florida,OT,77.13,314,10,35.5,,,24,,,,,
2019,Kyle Trout,Cincinnati,OT,77.25,318,10,32.75,,5.23,24,30,111,4.77,7.89,
2019,Casey Tucker,Arizona State,OT,77.75,308,10.25,32.75,,5.5,28,25.5,102,4.63,7.74,
2019,Olisaemeka Udoh,Elon (NC),OT,77.5,323,10,35.375,,5.05,26,28.5,105,5.05,7.88,
2019,Brian Wallace,Arkansas,OT,77.25,326,10.5,35.5,,,22,29.5,99,,,
2019,Jonah Williams,Alabama,OT,76.5,302,10.13,33.625,,5.09,23,28,100,4.79,8.01,
2018,David Bright,Stanford,OT,77.13,307,10.25,33.25,,,,,,,,
2018,Orlando Brown,Oklahoma,OT,79.88,345,9.75,35,,5.85,14,19.5,82,5.38,7.87,
2018,Jake Campos,Iowa State,OT,79.25,304,9.25,33.625,,5.31,22,25,104,4.81,8,
2018,Alex Cappa,Humboldt State (CA),OT,77.75,305,9.25,32.63,,5.39,24,26.5,97,4.84,8.04,
2018,Geron Christian,Louisville,OT,77.13,298,10.75,35,,5.33,19,,,,,
2018,Zachary Crabtree,Oklahoma State,OT,78.25,317,9.13,34.125,,5.3,25,21.5,86,4.91,7.98,
2018,Tyrell Crosby,Oregon,OT,76.63,309,10.75,35.25,,5.23,17,30,105,4.77,7.89,
2018,Korey Cunningham,Cincinnati,OT,77.38,311,9.38,32.25,,4.9,27,35.5,119,,,
2018,Christian Daimler,Texas A&M,OT,79.5,305,10.75,33.75,,5.4,24,24,114,4.98,8.27,
2018,Trevor Darling,Miami (FL),OT,76.63,315,10.25,34.25,,5.38,19,24,90,5.01,7.91,
2018,Gerhard de Beer,Arizona,OT,78.5,312,10.5,34.125,,5.21,35,30.5,108,4.72,7.52,
2018,Christian DiLauro,Illinois,OT,77.5,300,10.25,33.375,,5.05,25,32,111,4.76,7.61,
2018,Aaron Evans,Central Florida,OT,76.88,309,9.88,32.5,,5.31,27,25,97,4.76,7.75,
2018,Desmond Harrison,West Georgia,OT,78,292,10.38,34,,4.9,,30,98,4.79,7.64,
2018,Jeromy Irwin,Colorado,OT,76.88,306,9.88,33.5,,5.34,28,25.5,108,4.94,8.03,
2018,Jamarco Jones,Ohio State,OT,76,299,9.5,35.125,,5.5,18,24,102,4.99,8.32,
2018,Jaryd Jones-Smith,Pittsburgh,OT,78.5,317,10,36.25,,5.22,16,27,109,4.94,8.1,
2018,Brett Kendrick,Tennessee,OT,77.75,305,10.13,32.25,,5.49,25,30.5,99,5.01,7.73,
2018,David Knevel,Nebraska,OT,80.63,333,9.38,33.375,,5.75,16,20,92,5,8.13,
2018,Rick Leonard,Florida State,OT,79,311,9.25,32.25,,,19,30.5,112,,,
2018,KC Mcdermott,Miami (FL),OT,77.63,311,9.75,32.5,,5.35,26,23.5,97,4.82,7.72,
2018,Mike McGlinchey,Notre Dame,OT,79.88,309,10,34,,,24,28.5,105,,,
2018,Kyle Meadows,Kentucky,OT,77.13,301,10,32.875,,5.46,,27,101,5.06,8.08,
2018,Kolton Miller,UCLA,OT,80.63,309,10.75,34.125,,4.91,24,31.5,121,4.49,7.34,
2018,Christian Morris,Tennessee State,OT,78,306,10,35,,5.32,21,27,103,5.03,8.1,
2018,Joseph Noteboom,Texas Christian,OT,77,309,9.63,34.375,,4.96,27,24,101,4.44,7.65,
2018,Chukwuma Okorafor,Western Michigan,OT,78,320,10.25,34.5,,5.31,19,23.5,102,4.8,7.87,
2018,Brian ONeill,Pittsburgh,OT,78.88,297,9.38,34.125,,4.8,22,29.5,107,4.5,7.14,
2018,Brandon Parker,North Carolina A&T,OT,79.63,305,9.75,35,,5.37,21,28.5,113,4.68,7.82,
2018,Timon Parris,Stony Brook (NY),OT,77.63,312,9.38,33.875,,5.57,27,,,5.07,8.39,
2018,Martinas Rankin,Mississippi State,OT,76.38,308,10.13,33.75,,,24,29,108,,,
2018,Will Richardson,North Carolina State,OT,77.63,306,9.88,35.25,,5.22,16,31.5,108,4.83,7.8,
2018,Greg Senat,Wagner (NY),OT,78.25,302,9.88,34.875,,5.37,19,26,106,4.71,7.41,
2018,DeVondre Seymour,Southern Illinois,OT,77.88,299,9.88,36.5,,5.27,16,25,108,4.91,8.09,
2018,Brandon Smith,East Carolina (NC),OT,78.38,316,9.5,36.25,,5.47,26,30,101,4.88,8.31,
2018,Bentley Spain,North Carolina,OT,77.75,305,,,,,,,,,,
2018,Brett Toth,Army,OT,77.75,291,10.25,33.375,,5.14,16,25,103,4.75,7.4,
2018,Toby Weathersby,Louisiana State,OT,76.38,317,10.25,33.25,,5.34,28,24.5,106,5.38,8.55,
2018,Connor Williams,Texas,OT,77.13,296,10.5,33,,5.05,26,34,112,4.63,7.83,
2017,Erik Austell,Charleston Southern,OT,75.13,301,9,32,,5.23,24,27.5,107,4.9,8.13,
2017,Zach Banner,Southern California,OT,80.38,353,10.75,34.88,,5.58,22,23.5,92,5.21,8.31,
2017,Adam Bisnowaty,Pittsburgh,OT,77.63,304,11.38,33.88,,5.23,23,29.5,96,4.94,8.02,
2017,Garett Bolles,Utah,OT,77.25,297,9.38,34,9,4.95,,28,115,4.55,7.29,
2017,Daniel Brunskill,San Diego State,OT,77.13,273,9.88,33.88,,5.2,17,28,106,4.84,7.9,
2017,Jemar Clark,Arkansas State,OT,77.25,300,10.63,35.75,,,28,25,92,,,
2017,Aviante Collins,Texas Christian,OT,76.25,295,9.38,33.38,,4.81,34,24,102,4.73,7.85,
2017,Julie'n Davenport,Bucknell (PA),OT,78.75,318,10.5,36.5,28,5.45,18,27,106,4.69,7.57,
2017,Andrew Eide,Brigham Young,OT,76.63,302,9.13,31.625,,5.2,33,30.5,113,4.7,7.93,
2017,Antonio Garcia,Troy (AL),OT,78.38,302,9.88,33.38,,5.15,24,31,108,4.94,7.98,
2017,Avery Gennesy,Texas A&M,OT,75,318,9.5,33.63,,5.35,24,20,91,5,8.08,
2017,Will Holden,Vanderbilt,OT,79.38,311,10.13,33.25,,5.45,23,28,111,4.72,7.71,
2017,Roderick Johnson,Florida State,OT,78.63,298,10.75,36,23,4.9,21,29.5,103,5.17,7.92,
2017,Dieugot Joseph,Florida International,OT,77.75,293,10.63,35.625,,5.21,21,31,102,4.87,7.83,
2017,Conor McDermott,UCLA,OT,80.13,307,11,34.75,,5.18,22,28.5,105,4.58,7.52,
2017,Kwayde Miller,San Diego State,OT,79.25,303,9.25,32.875,,5.24,21,32,107,4.63,7.5,
2017,Levon Myers,Northern Illinois,OT,76.75,309,9.88,33.25,,5.41,24,26.5,102,5.06,7.52,
2017,Kent Perkins,Texas,OT,76.63,320,9.88,35.75,,5.28,35,30.5,106,4.69,8.06,
2017,Jonah Pirsig,Minnesota,OT,79.88,314,10.13,32.625,,5.38,20,27,102,4.87,7.87,
2017,Ryan Ramczyk,Wisconsin,OT,77.75,310,10.88,33.75,20,,25,,,4.82,,
2017,Cam Robinson,Alabama,OT,77.75,322,10.5,35.5,16,5.15,,26,106,4.82,7.81,
2017,Victor Salako,Oklahoma State,OT,77.63,335,9.38,34.5,,5.47,24,23,96,4.78,8.47,
2017,Austin Schmidt,Illinois,OT,77.38,298,10.38,34.875,,5.56,17,30.5,103,4.69,7.55,
2017,Brad Seaton,Villanova,OT,80.63,329,10.25,34.25,,5.37,24,26,105,5,7.84,
2017,Justin Senior,Mississippi State,OT,76.63,331,10.25,34,,5.55,21,23,98,5.06,8.19,
2017,David Sharpe,Florida,OT,77.75,343,10,35.38,,5.44,19,20.5,97,4.78,7.87,
2017,Dan Skipper,Arkansas,OT,81.63,309,10.5,33.38,,5.42,19,26,97,5.01,7.61,
2017,Dustin Stanton,Oregon State,OT,77.63,298,9,32.375,,5.19,18,30,109,4.65,7.85,
2017,Sam Tevi,Utah,OT,77,311,10.13,34,,5.27,15,26,107,4.6,7.84,
2017,Jerry Ugokwe,William & Mary (VA),OT,79.25,321,10.38,35.38,,5.61,18,26,103,5.17,8.35,
2017,Jylan Ware,Alabama State,OT,79.5,317,9.75,33.5,,4.99,,29,113,4.7,7.96,
2017,Chad Wheeler,Southern California,OT,78.63,306,9.5,33.125,,5.42,15,20.5,105,5.01,7.95,
2017,Darrell Williams,Western Kentucky,OT,77.25,315,9.5,33,,5.24,25,29,99,4.93,7.81,
2016,Willie Beavers,Western Michigan,OT,76.63,321,9.5,33.5,,5.28,20,25.5,103,4.71,7.96,
2016,Adrian Bellard,Texas State,OT,76.75,301,9.63,34.625,,5.49,15,26,93,5.03,8.08,
2016,Caleb Benenoch,UCLA,OT,77.5,311,10,34.5,,4.98,,28,104,5.11,8.15,
2016,LeRaven Clark,Texas Tech,OT,77.25,316,11.88,36.13,,5.16,18,30,109,,,
2016,Shon Coleman,Auburn,OT,77.5,307,10.63,35.13,,,22,,,,,
2016,Jack Conklin,Michigan State,OT,77.75,308,10.38,35,,5,25,30,103,4.57,7.63,
2016,Fahn Cooper,Mississippi,OT,76.5,303,10,34.75,,5.17,19,25,102,4.89,7.85,
2016,Taylor Decker,Ohio State,OT,79,310,10,33.75,,5.23,20,29,101,4.76,7.7,
2016,Joe Haeg,North Dakota State,OT,78,304,9.63,33.75,,5.16,,27.5,111,4.47,7.47,
2016,Jerald Hawkins,Louisiana State,OT,77.63,305,9.63,34.25,,5.23,23,23.5,100,4.89,8.19,
2016,Germain Ifedi,Texas A&M,OT,77.75,324,10.75,36,,5.27,24,32.5,109,4.75,,
2016,Dominick Jackson,Alabama,OT,77,313,9.75,33,,5.48,20,26,97,,,
2016,Tyler Johnstone,Oregon,OT,77.5,301,10.38,34,,5.21,24,30.5,104,4.6,7.31,
2016,Alex Lewis,Nebraska,OT,78,312,10,34,,5.22,27,29.5,100,4.72,7.94,
2016,Tyler Marz,Wisconsin,OT,78.75,316,10,33.5,,5.54,19,27.5,99,4.97,8.38,
2016,Kyle Murphy,Stanford,OT,78.38,305,9.75,33.5,,,23,,,,,
2016,Stephane Nembot,Colorado,OT,78.75,322,10.75,34.63,,5.39,32,26.5,103,5.15,8.55,
2016,Dominique Robertson,West Georgia,OT,76.63,324,10.38,36,,5.36,30,28.5,100,4.83,8.42,
2016,Wes Schweitzer,San Jose State,OT,76,300,10.5,32.625,,5.15,28,27.5,108,4.73,7.8,
2016,Brandon Shell,South Carolina,OT,77.38,324,10.75,34.75,,5.22,22,30.5,112,4.62,7.62,
2016,Pearce Slater,San Diego State,OT,78.75,329,10,35.25,,5.42,17,23,92,5.12,8.36,
2016,Jason Spriggs,Indiana,OT,77.63,301,10.13,34.13,,4.94,31,31.5,115,4.44,7.7,
2016,Ronnie Stanley,Notre Dame,OT,77.75,312,10.63,35.63,,5.2,24,28.5,,4.9,8.03,
2016,Jordan Swindle,Kentucky,OT,78.63,313,9.75,34.5,,5.4,22,29,113,4.97,8.29,
2016,John Theus,Georgia,OT,78.5,313,10.13,34.5,,5.22,19,28,103,4.78,7.9,
2016,Cole Toner,Harvard,OT,77.25,306,9.75,33.13,,5.32,22,26,103,4.59,7.88,
2016,Laremy Tunsil,Mississippi,OT,77,310,10,34.25,,,34,28.5,111,,,
2016,Halapoulivaati Vaitai,Texas Christian,OT,78,320,10.63,34.25,,5.26,23,29,113,5,8.26,
2016,Avery Young,Auburn,OT,76.63,328,10.5,33.75,,5.39,20,25,97,4.91,8.22,
2015,Darryl Baldwin,Ohio State,OT,77.63,305,9.88,35,,4.96,30,30.5,106,4.64,7.39,
2015,Jermaine Barton,Illinois State,OT,78.63,315,10.38,34.75,,5.38,,,,,,
2015,Mickey Baucus,Arizona,OT,78.5,309,10.25,32.625,,5.33,25,31.5,91,4.83,7.63,
2015,Seth Betancourt,Boston College,OT,77,300,9.75,34,,5.16,23,26.5,98,4.87,7.97,
2015,Jamon Brown,Louisville,OT,75.63,323,9.75,34.38,,5.44,,28,103,4.61,7.36,
2015,Trent Brown,Florida,OT,80.5,355,10.88,36,,5.29,20,23.5,97,4.78,8.23,
2015,Tyson Chandler,North Carolina State,OT,77.75,354,10,36.625,,5.42,31,27.5,110,4.87,7.93,
2015,Blaine Clausell,Mississippi State,OT,78.13,329,11,33.375,,5.37,23,27,97,4.79,7.92,
2015,Cameron Clear,Texas A&M,OT,77.38,277,9.63,33.63,,4.98,,32,108,4.48,7.52,12.07
2015,T.J. Clemmings,Pittsburgh,OT,76.75,309,10.38,35.13,,5.14,22,32.5,111,4.54,7.68,
2015,Cameron Clemmons,Western Kentucky,OT,78.25,300,10,33.875,,5.28,14,24,87,4.94,8.03,
2015,Takoby Cofield,Duke,OT,76.25,310,10,34,,5.19,23,30,101,4.79,8.09,
2015,La`el Collins,Louisiana State,OT,76.5,305,10.38,33.25,12,5.12,21,27,108,4.63,7.7,
2015,Brey Cook,Arkansas,OT,77.38,317,9.38,32.25,,5.29,32,20.5,95,5.03,,
2015,Rob Crisp,North Carolina State,OT,78.63,301,10,34.5,,5.26,26,32.5,107,4.6,8.07,
2015,Andrew Donnal,Iowa,OT,77.88,313,10,33.5,,5.31,17,32,101,4.77,7.84,
2015,Sean Donnelly,Tulane (LA),OT,80.13,317,10.13,34.125,,5.47,19,26,104,4.84,8.41,
2015,Quinterrius Eatmon,South Florida,OT,78.25,313,9.88,35.5,,5.37,27,27,101,4.89,7.98,
2015,Fabbians Ebbele,Arizona,OT,79.5,311,10.13,36.25,,5.29,22,31,99,4.69,7.75,
2015,Jake Fisher,Oregon,OT,78.13,306,10.38,33.75,,5.01,25,32.5,,4.33,7.25,
2015,Ereck Flowers,Miami (FL),OT,78.25,329,9.88,34.5,,5.31,37,27,101,,,
2015,Garrett Frye,Georgia Southern,OT,76.13,288,9.63,33.25,,5.08,32,30.5,108,4.78,8.12,
2015,Doniel Gambrell,Notre Dame,OT,77.25,306,10.25,33.125,,5.27,23,24,105,5.06,8.35,
2015,Jacob Gannon,Iowa State,OT,78.25,315,8.75,32.75,,5.19,22,23.5,99,4.89,7.85,
2015,Laurence Gibson,Virginia Tech,OT,77.75,305,10.38,35.13,,5.04,24,33.5,113,4.56,7.72,
2015,Chaz Green,Florida,OT,76.63,314,10.88,33.38,,5.16,21,29.5,106,4.7,8,
2015,Desmond Harrison,Texas,OT,80,318,,,,5.39,,,,,,
2015,Micah Hatchie,Washington,OT,76.38,301,10.75,31.75,,5.28,28,31,105,4.85,7.6,
2015,Rob Havenstein,Wisconsin,OT,79.38,321,9.88,33.75,,5.46,16,28.5,96,4.87,8.28,
2015,Sean Hickey,Syracuse,OT,77.38,309,10.5,32.75,,5.14,35,27,104,4.75,7.75,
2015,D.J. Humphries,Florida,OT,77,307,10,33.63,12,5.12,26,31,104,4.64,7.87,
2015,Antonio Johnson,North Texas,OT,77.75,310,10.25,34.875,,5.73,5,23,98,5.07,8.64,
2015,Daniel Koenig,Oklahoma State,OT,78.38,300,9,33.125,,5.3,22,,,,,
2015,Kendall Lamm,Appalachian State (NC),OT,77.25,303,10.25,32.625,,5.22,25,26,109,4.61,7.39,
2015,Eric Lefeld,Cincinnati,OT,77.5,310,9.5,32.75,,5.22,12,27,104,4.9,7.67,
2015,Tyler Loos,Northern Illinois,OT,76.63,302,10.13,33,,5.35,20,28,98,4.75,7.64,
2015,Darrian Miller,Kentucky,OT,76.88,307,9.75,33,,5.51,16,25,97,4.87,7.91,
2015,Patrick Miller,Auburn,OT,78.75,292,9.88,35,,5.18,16,27.5,106,4.84,7.97,
2015,Anthony Morris,Tennessee State,OT,79.13,303,9.75,32.75,,5.3,25,27.5,110,4.87,7.59,
2015,Chase Nelson,Toledo,OT,80.38,335,9.25,34.25,,5.26,22,24,102,4.72,7.67,
2015,Cedric Ogbuehi,Texas A&M,OT,77.25,306,10,35.88,23,4.98,23,,,,,
2015,Andrus Peat,Stanford,OT,78.88,313,10.63,34.38,,5.18,,31,105,4.62,8.01,
2015,Terry Poole,San Diego State,OT,76.75,307,9.5,33.25,,5.09,25,31,113,4.66,7.9,
2015,Ben Riva,Washington,OT,78,313,,,,5.12,,,,,,
2015,Kyle Roberts,Nevada,OT,78.25,311,9.5,32.75,,5.27,25,24,102,4.76,7.55,
2015,Corey Robinson,South Carolina,OT,78.63,324,10.75,35.63,40,5.33,28,31,108,4.81,8.4,
2015,Jake Rodgers,Eastern Washington,OT,77.75,315,10.63,33,,5.24,24,30.5,106,4.86,8.05,
2015,Jack Rummells,Northern Iowa,OT,77.5,300,10.13,32,,5.19,24,29,106,4.9,7.85,
2015,Ty Sambrailo,Colorado State,OT,77.88,311,10,33,,5.36,23,29,97,4.58,7.54,
2015,Brandon Scherff,Iowa,OT,76.63,319,11,33.38,,5.05,23,32.5,107,4.57,7.18,
2015,Austin Shepherd,Alabama,OT,76.38,315,10,32.88,,5.39,17,29,94,4.7,8.04,
2015,Ian Silberman,Boston College,OT,77.13,299,10.13,32.5,,5.17,26,27.5,111,4.87,7.9,
2015,Donovan Smith,Penn State,OT,77.63,338,10.63,34.38,,5.27,26,32,109,4.79,7.95,
2015,Tyrus Thompson,Oklahoma,OT,76.88,324,10.25,34.88,,5.16,29,29,97,4.92,,
2015,Joseph Treadwell,Louisiana-Monroe,OT,77,324,9.75,35.125,,5.65,15,23.5,92,5.04,7.91,
2015,DeOndre Wesley,Brigham Young,OT,78.5,330,10.25,35,,5.43,18,31,115,4.65,7.73,
2015,Darrell Williams,South Florida,OT,76.75,301,10.5,34.625,,5.23,22,28.5,103,4.99,7.88,
2015,Daryl Williams,Oklahoma,OT,77.25,327,9.75,35,,5.34,27,26,97,5.15,8.18,
2014,Joel Bitonio,Nevada,OT,76.25,302,9.63,33.88,,4.97,22,32,113,4.44,7.37,
2014,Justin Britt,Missouri,OT,77.88,325,10.25,33.5,,5.19,23,23,99,4.69,8.14,
2014,Laurent Duvernay-Tardif,McGill,OT,77,298,11,33,,,,,,,,
2014,Matt Feiler,Bloomsburg,OT,77.88,330,9.5,32,,5.37,36,26.5,102,4.86,8.13,
2014,Cameron Fleming,Stanford,OT,76.88,323,9.88,34,,5.28,26,23.5,97,5,8.24,
2014,Kevin Graf,Southern California,OT,77.75,303,8.75,32.5,,5.03,27,29,107,4.77,7.53,
2014,Seantrel Henderson,Miami (FL),OT,79.13,331,10.5,34.63,,5.04,23,24,93,4.77,8.15,
2014,James Hurst,North Carolina,OT,77.25,296,10.13,33.75,,5.59,20,22,,4.73,,
2014,JaWuan James,Tennessee,OT,78,311,9.88,35,,5.34,22,29,102,4.56,7.42,
2014,Ulrick John,Georgia State,OT,77.88,297,9.63,34.5,,5.02,20,30,107,4.62,7.2,
2014,Wesley Johnson,Vanderbilt,OT,77.38,297,10.25,33.13,,5.11,26,29,111,4.64,7.4,
2014,Cyrus Kouandjio,Alabama,OT,78.75,322,10.25,35.63,,5.59,21,27.5,96,4.84,7.71,
2014,Taylor Lewan,Michigan,OT,79.13,309,9.25,33.88,,4.87,29,30.5,116,4.49,7.39,
2014,Cornelius Lucas,Kansas State,OT,80.38,316,10,36.75,,,,,,,,
2014,Zack Martin,Notre Dame,OT,76.25,308,9.5,32.88,,5.22,29,28,104,4.59,7.65,
2014,Jake Matthews,Texas A&M,OT,77.5,308,9.88,33.38,,5.07,24,30.5,104,4.47,7.34,
2014,Jack Mewhort,Ohio State,OT,78,309,9.75,34,,5.37,28,26,100,4.64,7.79,
2014,Morgan Moses,Virginia,OT,78,314,9.88,35.38,,5.35,,21.5,104,4.95,7.93,
2014,Kevin Pamphile,Purdue,OT,76.63,310,9.13,34.25,,4.94,25,32,108,4.81,7.61,
2014,Matt Patchan,Boston College,OT,78.25,302,9.38,33,,4.97,22,33.5,113,4.63,7.45,
2014,Antonio Richardson,Tennessee,OT,77.75,336,10.25,35,,5.3,36,24.5,112,5.06,8.04,
2014,Greg Robinson,Auburn,OT,77,332,10,35,,4.92,32,28.5,112,4.86,7.8,
2014,Michael Schofield,Michigan,OT,78.5,301,9.63,34,,5.01,,24,92,4.57,7.62,
2014,Garrett Scott,Marshall (WV),OT,76.5,307,9.88,34.75,,5.05,25,33.5,115,4.4,7.09,
2014,Billy Turner,North Dakota State,OT,76.88,315,10,34,,5.16,25,28,108,4.71,7.92,
2014,Mitchell Van Dyk,Portland State (OR),OT,79,313,10,33.125,,5.12,14,27,103,4.88,7.47,
2013,Oday Aboushi,Virginia,OT,77.38,308,10.63,33.78,,5.45,17,23.5,100,4.84,7.92,
2013,Terron Armstead,Arkansas-Pine Bluff,OT,76.75,306,9.25,34.08,27,4.71,31,34.5,112,4.72,7.62,
2013,David Bakhtiari,Colorado,OT,76.25,299,9.5,34.08,,5.18,28,25.5,101,4.74,7.7,
2013,Nick Becton,Virginia Tech,OT,77.25,323,9,35.48,,5.2,19,29.5,109,4.57,7.77,
2013,Michael Bowie,Northeastern State (OK),OT,76.63,330,10.38,34.25,,5.28,19,25.5,95,4.84,8.06,
2013,Braden Brown,Brigham Young,OT,77.38,310,10.25,34.28,,5.2,26,28,100,4.7,7.43,
2013,Carter Bykowski,Iowa State,OT,78.88,306,9.75,33.75,,5.3,25,28.5,106,4.72,7.84,
2013,Emmett Cleary,Boston College,OT,78.88,316,9.75,34.28,,5.21,24,28.5,108,4.7,7.81,
2013,Jordan Devey,Memphis,OT,78.63,317,9.63,32.68,,5.25,21,24,98,4.77,7.91,
2013,Chris Faulk,Louisiana State,OT,77.5,331,9.63,34.28,,5.08,25,,,,,
2013,Eric Fisher,Central Michigan,OT,79.25,306,10.5,34.48,23,5.05,27,28.5,116,4.44,7.59,
2013,D.J. Fluker,Alabama,OT,76.63,339,10.5,36.68,,5.31,21,27.5,,5,,
2013,Reid Fragel,Ohio State,OT,79.63,308,10.63,33.08,,5.14,33,30,113,4.68,7.62,
2013,Rogers Gaines,Tennessee State,OT,78.25,334,10.63,36.28,,5.24,28,23,96,5.24,8.08,
2013,Tanner Hawkinson,Kansas,OT,77.25,298,10,33.38,,5.07,13,28.5,112,4.51,7.52,
2013,Luke Joeckel,Texas A&M,OT,78,306,10.13,34.28,28,5.3,27,28.5,106,4.68,7.4,
2013,Lane Johnson,Oklahoma,OT,78,303,10.13,35.28,28,4.72,28,34,118,4.52,7.31,
2013,Oscar Johnson,Louisiana Tech,OT,77.25,331,10.25,34.28,,5.49,19,22,88,5.06,8.06,
2013,Kyle Long,Oregon,OT,78.13,313,11,33.38,29,4.94,,28,107,4.63,7.83,
2013,Luke Marquardt,Azusa Pacific (CA),OT,80.5,315,10.25,34.48,,5.34,31,,,,,
2013,Stephane Milhim,Massachusetts,OT,75.75,314,10.25,34.28,,5.23,,28.5,104,4.87,7.72,
2013,Jordan Mills,Louisiana Tech,OT,77,316,9.75,34.08,,5.37,20,28.5,101,4.88,8.1,
2013,Xavier Nixon,Florida,OT,77.63,321,10.13,33.5,,,,,,,,
2013,Vinston Painter,Virginia Tech,OT,76.25,306,9.88,34.08,,4.95,32,30.5,97,4.56,7.71,
2013,David Quessenberry,San Jose State,OT,76.88,302,10.63,34.38,,5.08,25,29.5,112,4.45,7.49,
2013,Dallas Thomas,Tennessee,OT,77.5,306,10.38,33.125,,,,,,,,
2013,LaAdrian Waddle,Texas Tech,OT,78,321,10.75,36,,5.41,,29,102,4.9,8.23,
2013,Ricky Wagner,Wisconsin,OT,77.88,308,9.88,34.08,,5.17,20,31.5,101,4.91,7.94,
2013,Menelik Watson,Florida State,OT,77.13,310,10.38,34.08,20,5.29,19,24.5,103,5.01,8.31,
2013,Jason Weaver,Southern Mississippi,OT,76.38,313,9.25,34.08,,5.44,23,21,94,5.07,8.23,
2013,John Wetzel,Boston College,OT,79,315,10,34.08,,5.46,22,25,105,4.81,7.9,
2013,Brennan Williams,North Carolina,OT,77.63,318,10.5,34,,5.27,,28.5,101,4.88,8.08,
2012,Jeff Adams,Columbia (NY),OT,78,306,,,,5.13,19,34.5,113,4.65,7.27,
2012,Mike Adams,Ohio State,OT,79.25,323,10.88,34,,5.28,19,28.5,100,4.95,7.94,
2012,Jeff Allen,Illinois,OT,75.88,307,10,33.5,,5.17,26,27.5,102,4.9,8.01,
2012,Justin Anderson,Georgia,OT,76.38,335,10.5,34.63,,5.24,32,27,101,4.99,8.04,
2012,Tony Bergstrom,Utah,OT,77.38,313,9,32,,5.19,32,29.5,101,4.84,7.95,
2012,Tom Compton,South Dakota,OT,76.88,314,10,34,,5.01,20,30,108,4.6,7.59,
2012,Paul Cornick,North Dakota State,OT,77.5,310,10.25,35,,5.3,25,,,,,
2012,John Cullen,Utah,OT,76.5,297,9.88,32.13,,5.28,23,27,102,4.59,7.58,
2012,Andrew Datko,Florida State,OT,78,315,10,33.88,,5.19,,29.5,100,4.54,7.71,
2012,Taylor Dever,Notre Dame,OT,77.38,298,9.75,32.5,,5.4,18,28,100,4.9,7.49,
2012,Cordy Glenn,Georgia,OT,77.75,345,10.13,35.75,,5.08,31,23.5,93,5,8.13,
2012,Lamar Holmes,Southern Mississippi,OT,77.38,323,9.63,35.25,,5.29,22,27,104,4.8,7.74,
2012,Marcel Jones,Nebraska,OT,78.13,320,10.25,33.63,,5.57,13,27.5,95,5.12,8.03,
2012,Matt Kalil,Southern California,OT,78.63,306,10.38,34.5,,4.96,30,27,,4.65,7.33,
2012,Dennis Kelly,Purdue,OT,80.13,321,,,,5.33,30,27,104,4.91,7.73,
2012,Jonathan Martin,Stanford,OT,77.38,312,9.88,34,,5.35,20,30,104,4.68,7.69,
2012,Bobby Massie,Mississippi,OT,78.13,316,9,35,,5.18,22,27.5,103,4.95,7.7,
2012,Matt McCants,Alabama-Birmingham,OT,77.88,308,9.25,35.38,,5.4,17,25.5,97,4.76,8.13,
2012,Nick Mondek,Purdue,OT,77.75,304,,,,4.84,30,28.5,110,4.55,7.3,
2012,Brandon Mosley,Auburn,OT,77.63,314,11,34,,5.14,30,27,103,4.78,7.43,
2012,Josh Oglesby,Wisconsin,OT,79.25,338,11.25,35.63,,5.75,22,28.5,,,,
2012,Kelechi Osemele,Iowa State,OT,77.5,333,10.25,35.88,,5.22,32,26.5,104,4.87,7.91,
2012,Nate Potter,Boise State,OT,77.88,303,9.63,34.63,,5.26,22,28.5,100,4.67,7.49,
2012,Riley Reiff,Iowa,OT,77.75,313,10.13,33.25,,5.16,23,26.5,98,4.75,7.87,
2012,Matt Reynolds,Brigham Young,OT,76.5,302,9.63,33.25,,5.27,25,29,107,4.68,7.55,
2012,Zebrie Sanders,Florida State,OT,77.63,320,10.88,35,,5.33,28,27,100,4.99,8.15,
2012,Mitchell Schwartz,California,OT,77.38,318,10,33.5,,5.38,23,26.5,89,4.87,7.86,
2012,Donald Stephenson,Oklahoma,OT,77.5,312,9.88,34.88,,4.94,19,35.5,114,4.78,7.52,
2012,Dustin Waldron,Portland State (OR),OT,77,305,9.75,32.75,,5.23,29,26,103,4.75,7.93,
2012,Markus Zusevics,Iowa,OT,77.38,303,10,33,,5.08,,,,,,
2011,Joseph Barksdale,Louisiana State,OT,76.75,325,10,36,,5.38,29,29,103,4.75,8.27,
2011,James Brewer,Indiana,OT,78.25,323,10.38,35.5,,5.21,25,26,100,4.81,7.84,
2011,Marcus Cannon,Texas Christian,OT,77,358,9.13,34,,5.26,33,30.5,105,4.97,8.07,
2011,Gabe Carimi,Wisconsin,OT,79,314,10.38,35,,5.18,29,31.5,109,,,
2011,James Carpenter,Alabama,OT,76.38,321,9.75,34,,5.22,23,28.5,106,4.75,7.56,
2011,Anthony Castonzo,Boston College,OT,79,311,10.63,34.5,,5.21,28,29.5,105,4.4,7.25,
2011,Johnny Culbreath,South Carolina State,OT,77.13,322,,,,5.02,27,30.5,108,4.83,7.76,
2011,Josh Davis,Georgia,OT,79.13,313,11,36,,5.5,,24,91,5.07,7.98,
2011,Orlando Franklin,Miami (FL),OT,77.5,316,11.13,35,,5.11,26,28.5,105,,8.37,
2011,Marcus Gilbert,Florida,OT,78.13,330,9.75,33.5,,5.41,30,30.5,98,5.02,,
2011,Adam Grant,Arizona,OT,78,325,10.63,34,,5.54,25,26.5,99,5,8.25,
2011,Chris Hairston,Clemson,OT,78.13,326,9.25,35.25,,5.38,33,29,96,4.7,7.9,
2011,Derek Hall,Stanford,OT,76.25,308,,,,5.56,21,26.5,89,4.9,7.75,
2011,Kyle Hix,Texas,OT,78.88,319,10.63,34.25,,5.44,24,32,104,4.78,7.77,
2011,Kevin Hughes,Southeast Louisiana,OT,75.63,302,9.5,34.38,,5.31,22,29.5,95,4.97,8.29,
2011,Jarriel King,South Carolina,OT,77,317,10.75,36.38,,5.03,23,30,114,4.77,7.6,
2011,Rich Lapham,Boston College,OT,80.13,315,10.125,34.75,,,,,,,,
2011,DeMarcus Love,Arkansas,OT,76.38,315,9.5,35.25,,5.18,27,26.5,97,4.84,7.84,
2011,David Mims,Virginia Union,OT,80.25,331,,,,5.32,29,26,102,4.8,8.1,
2011,Derek Newton,Arkansas State,OT,76.88,311,9.38,33.13,,5,24,25.5,100,5,7.76,
2011,Jason Pinkston,Pittsburgh,OT,75.38,317,10.25,34,,5.39,22,26.5,98,4.91,7.88,
2011,Jah Reid,Central Florida,OT,79.13,327,10.25,34.38,,5.32,28,29.5,111,4.65,7.73,
2011,Derek Sherrod,Mississippi State,OT,77.38,321,11,35.38,,5.18,23,28,97,4.63,7.43,
2011,Tyron Smith,Southern California,OT,77,307,11,36.38,,5.08,29,29,109,4.68,7.47,
2011,Willie Smith,East Carolina (NC),OT,77.38,310,11.25,34.5,,5.4,27,30.5,106,4.83,7.95,
2011,Nate Solder,Colorado,OT,80.25,319,9.88,35.5,,4.96,21,32,110,4.34,7.44,
2011,Byron Stingily,Louisville,OT,77,313,,,,4.95,25,27.5,110,4.48,7.6,
2011,D.J. Young,Michigan State,OT,76.75,307,,,,5.17,36,29,105,4.7,7.92,
2011,Lee Ziemba,Auburn,OT,77.63,317,9.63,34,,5.5,20,29,95,4.65,7.74,
2010,Charles Brown,Southern California,OT,77.38,303,11.38,35.25,,5.24,21,31.5,101,,,
2010,Bryan Bulaga,Iowa,OT,77.38,314,9.25,33.25,,5.2,26,27.5,98,4.75,7.7,
2010,Kyle Calloway,Iowa,OT,78.5,323,10.13,33.25,,5.46,22,23.5,92,4.86,7.96,
2010,Bruce Campbell,Maryland,OT,78.38,314,10.5,36.25,,4.75,34,32,101,4.69,7.58,
2010,Chris Campbell,Eastern Illinois,OT,77,328,,,,5.28,14,25,96,4.14,8.08,
2010,Selvish Capers,West Virginia,OT,76.63,308,10,34,,5.11,19,30.5,106,4.68,7.68,
2010,Anthony Davis,Rutgers,OT,77,323,,34,,5.36,21,33,,4.97,8.17,
2010,Vladimir Ducasse,Massachusetts,OT,76.38,332,9.63,34.75,,5.21,29,26,91,4.97,8.25,
2010,Jason Fox,Miami (FL),OT,78.88,305,9.5,34.5,,5.42,23,29.5,101,,,
2010,Ramon Harewood,Morehouse,OT,78.25,341,,,,5.11,22,24,111,,,
2010,Otis Hudson,Eastern Illinois,OT,76.63,312,,,,5.17,21,26.5,105,4.91,8.14,
2010,John Jerry,Mississippi,OT,77.38,328,9.75,34,,5.15,31,27.5,101,4.69,7.93,
2010,Kyle Jolly,North Carolina,OT,78,311,10.25,33.5,,5.36,20,21.5,89,4.87,7.89,
2010,Matt Kopa,Stanford,OT,77.75,300,9.25,34.5,,,26,,,,,
2010,Russell Okung,Oklahoma State,OT,77.25,307,10.5,36,,5.18,38,32.5,105,4.8,7.79,
2010,Cole Pemberton,Colorado State,OT,79.25,315,10.13,34.25,,5.37,18,22.5,96,4.77,7.65,
2010,Rodger Saffold,Indiana,OT,76.63,316,9.38,33.63,,5.21,27,29.5,113,4.67,7.42,
2010,Andrew Tyshovnytsky,Fordham (NY),OT,76.25,318,,,,4.91,37,28,110,4.76,7.95,
2010,Jared Veldheer,Hillsdale (MI),OT,80.13,312,10,33,,5.06,32,33.5,109,4.51,7.4,
2010,Ed Wang,Virginia Tech,OT,76.75,314,10.25,33.75,,5.18,29,27,96,4.7,7.94,
2010,Tony Washington,Abilene Christian (TX),OT,78.13,311,9.5,35.5,,5.25,33,29.5,114,4.84,7.52,12.83
2010,JMarcus Webb,West Texas A&M,OT,79.38,328,,,,5.28,17,26,101,4.8,7.82,
2010,Thomas Welch,Vanderbilt,OT,78.38,307,9.5,33.25,,5.42,29,29,105,4.8,7.67,
2010,Trent Williams,Oklahoma,OT,76.63,315,9.75,34.25,,4.81,23,34.5,113,4.63,7.64,
2010,Sam Young,Notre Dame,OT,79.63,316,10.13,34.5,,5.2,29,29.5,104,4.87,7.73,
2010,Jon Asamoah,Illinois,OG,76,305,10.13,33,,5.07,22,28,106,4.51,7.56,
2010,Zane Beadles,Utah,OG,76.38,310,9.75,33.75,,5.28,27,,,,,
2010,Ciron Black,Louisiana State,OG,76.5,327,10.13,33,,5.53,23,25.5,91,5.13,8.52,
2010,Dorian Brooks,James Madison (VA),OG,74.25,306,10,33.75,,5.15,26,23,100,4.66,7.73,
2010,Brandon Carter,Texas Tech,OG,77.75,329,10.63,33.5,,5.34,22,24.5,102,4.94,7.82,
2010,Chris DeGeare,Wake Forest,OG,75.63,325,9.75,34,,5.12,27,32.5,103,4.9,7.84,
2010,Kurtis Gregory,Missouri,OG,76.5,305,10.25,33,,5.31,26,25.5,91,4.93,7.62,
2010,Mike Iupati,Idaho,OG,77.13,331,10.63,34.75,,5.24,27,27.5,92,4.93,7.85,
2010,Mike Johnson,Alabama,OG,77.25,312,9.75,32.5,,5.37,21,25,91,5.01,8.15,
2010,Shawn Lauvao,Arizona State,OG,74.88,315,9.5,33,,5.22,33,26.5,101,4.51,7.56,
2010,Jacques McClendon,Tennessee,OG,74.13,308,,,,5.08,37,29,101,4.76,7.7,
2010,Marshall Newhouse,Texas Christian,OG,75.75,319,10.25,34,,4.99,25,25,97,4.6,7.4,
2010,Alex Parsons,Southern California,OG,76,309,10,31.75,,5.12,23,27,99,4.56,7.56,
2010,Mitch Petrus,Arkansas,OG,75,310,9.5,33.75,,5.34,45,30,106,4.58,7.28,
2010,Dace Richardson,Iowa,OG,77.25,320,9.75,33.5,,5.76,19,23.5,87,5.38,8.58,
2010,Chris Scott,Tennessee,OG,76.63,319,10.38,34.13,,5.52,19,22.5,90,5.03,8.24,
2010,Shelley Smith,Colorado State,OG,74.88,300,9.25,32.5,,5.03,26,34,112,4.71,7.67,
2010,Charlie Tanner,Texas,OG,75.88,308,,,,5.12,35,36,111,4.7,7.63,
2010,Mike Tepper,California,OG,77.5,324,10.25,32.5,,5.31,28,26.5,94,5.25,7.95,
2010,Adam Ulatoski,Texas,OG,77.5,300,9.63,33.25,,5.52,24,26,94,4.99,7.98,
2011,David Arkin,Missouri State,OG,76.75,300,10.5,33.88,,5.31,25,29,103,4.63,7.6,
2011,Clint Boling,Georgia,OG,76.63,308,9.25,33.5,,5.28,28,31,102,4.64,7.66,
2011,Justin Boren,Ohio State,OG,74.88,309,9.5,32,,5.4,28,32,96,4.75,7.57,
2011,Garrett Chisolm,South Carolina,OG,77,312,9.25,33.5,,,25,,,,,
2011,Ray Dominguez,Arkansas,OG,76,334,9.88,34,,5.45,21,27.5,90,4.9,7.74,
2011,Ricky Henry,Nebraska,OG,74.75,308,10.25,33.63,,5.68,20,24,90,4.68,7.98,
2011,Zach Hurd,Connecticut,OG,78.75,316,9.63,34.25,,5.28,25,28,101,4.77,7.73,
2011,Maurice Hurt,Florida,OG,74.63,318,9,34.13,,5.34,18,29,97,4.9,8.13,
2011,Ben Ijalana,Villanova,OG,75.63,317,10.5,36,,5.2,,25.5,105,4.7,7.75,
2011,Andrew Jackson,Frenso State (CA),OG,77,299,10.25,32.5,,5.27,25,28,98,4.65,7.55,
2011,Carl Johnson,Florida,OG,77,361,10.25,36.5,,5.4,25,25.5,96,5.03,8.26,
2011,Daniel Kilgore,Appalachian State (NC),OG,75.25,308,10,32.5,,5.28,23,32.5,105,4.68,7.59,
2011,John Moffitt,Wisconsin,OG,76.25,319,9.5,33,,5.51,23,30.5,102,4.53,7.79,
2011,Michael Person,Montana State,OG,76.5,299,9.63,32.75,,5.19,21,28,108,4.5,7.44,
2011,Mike Pouncey,Florida,OG,77,303,9.75,32.25,,5.12,24,25,96,4.64,7.66,
2011,Will Rackley,Lehigh (PA),OG,75.25,309,10.38,33.25,,5.27,29,23.5,99,4.94,7.91,
2011,Stephen Schilling,Michigan,OG,76.25,308,9.63,32.75,,5.18,30,25.5,98,4.62,7.73,
2011,Steve Schilling,Michigan,OG,76.25,308,9.625,32.75,,5.29,30,25.5,98,4.62,7.73,
2011,Caleb Schlauderaff,Utah,OG,76.25,305,9.75,32.25,,,,28,102,4.81,,
2011,Isaiah Thompson,Houston,OG,75.38,300,9.38,33.5,,6,23,25,82,5.56,9.04,
2011,Julian Vandervelde,Iowa,OG,73.88,301,9.63,32.75,,5.12,23,31,104,4.59,7.46,
2011,Danny Watkins,Baylor,OG,75.38,310,10.13,34.25,,5.36,29,26,92,4.62,7.61,
2011,Keith Williams,Nebraska,OG,76.25,318,10,32.38,,5.28,23,24.5,93,5.03,8.42,
2012,Mark Asper,Oregon,OG,78.38,319,9.75,32.25,,5.33,23,25,102,4.84,7.93,
2012,Kelvin Beachum,Southern Methodist (TX),OG,74.88,303,9.38,33.25,,5.38,19,28.5,101,4.8,7.79,
2012,Brandon Brooks,Miami (OH),OG,77,346,,,,4.99,36,32,105,4.53,7.37,
2012,James Brown,Troy (AL),OG,75.5,306,10.25,34.5,,5.19,24,25.5,102,4.78,7.7,
2012,David DeCastro,Stanford,OG,76.88,316,10,32.38,,5.32,34,29.5,98,4.56,7.3,
2012,Adam Gettis,Iowa,OG,74.38,293,9.5,33.13,,4.9,20,31.5,112,4.65,7.99,
2012,Gino Gradkowski,Delaware,OG,74.75,300,,,,5.25,29,28.5,103,4.78,7.75,
2012,Robert Griffin,Kansas State,OG,77.63,336,,,,5.54,14,29,100,4.94,8.03,
2012,Rishaw Johnson,California (PA),OG,75.38,313,10.25,35.25,,5.12,22,31.5,108,4.53,7.87,
2012,Senio Kelemete,Washington,OG,75.63,307,9.63,33.5,,5.39,21,25,101,4.58,7.77,
2012,Ronald Leary,Memphis,OG,74.88,315,8.63,34.75,,5.23,30,29,104,4.91,7.87,
2012,Josh LeRibeus,Southern Methodist (TX),OG,75.25,312,9.38,32.5,,5.31,29,26,96,4.65,7.64,
2012,Joe Looney,Wake Forest,OG,75.25,309,9.75,32.25,,5.02,26,,,,,
2012,Antoine McClain,Clemson,OG,77.5,329,10.25,34.38,,5.48,19,27,91,4.82,8.13,
2012,Ryan Miller,Colorado,OG,79.25,321,9.5,33.13,,5.16,32,28,100,4.78,7.72,
2012,Lucas Nix,Pittsburgh,OG,77.25,317,9.75,33.5,,5.36,,29.5,102,4.9,7.81,
2012,Amini Silatolu,Midwestern State (TX),OG,75.63,311,10.13,33,,5.33,28,31.5,107,4.87,7.95,
2012,Andrew Tiller,Syracuse,OG,76.38,324,9.38,33.25,,5.44,16,23,85,4.8,7.92,
2012,Johnnie Troutman,Penn State,OG,75.88,325,10,33.5,,5.52,31,27.5,,5,7.96,
2012,Brandon Washington,Miami (FL),OG,74.88,320,9.75,33,,5.14,28,25,101,4.87,8.22,
2012,Rokevious Watkins,South Carolina,OG,75.75,338,10,34.63,,5.29,19,27,102,4.9,7.87,
2012,Desmond Wynn,Rutgers,OG,77.5,303,10.25,34,,4.98,28,32.5,,4.46,7.51,
2012,Kevin Zeitler,Wisconsin,OG,75.88,314,10.25,32.75,,5.32,32,29,101,4.61,7.77,
2013,Zach Allen,North Carolina State,OG,73.75,332,9.88,33.48,,5.43,32,27.5,93,4.96,,
2013,Jeff Baca,UCLA,OG,75.38,302,9.75,34.28,34,5.03,28,26.5,100,4.44,7.26,
2013,Alvin Bailey,Arkansas,OG,75.13,312,9.38,34.68,,4.95,27,,,4.69,7.5,
2013,Chris Barker,Nevada,OG,74.63,305,9.38,33.08,,5.25,29,27.5,99,4.77,8.09,
2013,Travis Bond,North Carolina,OG,77.88,329,9.63,35.48,,5.27,22,22.5,98,4.96,7.85,
2013,Jonathan Cooper,North Carolina,OG,74.13,311,10.25,33.08,34,5.07,35,27,108,4.84,7.78,
2013,Manase Foketi,West Texas A&M,OG,76.75,318,10.63,34.48,,5.3,25,23.5,102,5.06,8.11,
2013,Garrett Gilkey,Chadron State (NE),OG,77.88,318,10.25,32.58,,5.33,28,30,108,4.75,7.65,
2013,Eric Herman,Ohio,OG,76.13,320,10.88,32.28,,5.25,36,28,95,5.09,7.99,
2013,Mark Jackson,Glenville State (WV),OG,77.38,328,9.63,34.28,,5.65,20,20.5,91,5.03,8.07,
2013,Ryan Jensen,Colorado State-Pueblo,OG,75.5,317,9.13,32.5,,5.23,30,25.5,98,4.56,7.69,
2013,Jamaal Johnson-Webb,Alabama A&M,OG,77,313,10,35.68,,5.37,17,23,92,4.74,8.12,
2013,Josh Kline,Kent State (OH),OG,74.63,307,9.38,31.5,,5.06,25,27,102,4.59,7.63,
2013,Edmund Kugbila,Valdosta State (GA),OG,76.13,317,10.25,34.78,,5.31,23,22.5,105,4.65,7.72,
2013,Lamar Mady,Youngstown State (OH),OG,74,317,9.38,33.48,,5.48,35,23,95,4.82,8.07,
2013,Justin Pugh,Syracuse,OG,76.5,307,10.25,32.08,,5.14,22,28.5,103,4.63,7.45,
2013,Hugh Thornton,Illinois,OG,75.25,320,10,34.18,,5.11,27,,,4.63,7.45,
2013,J.C. Tretter,Cornell (NY),OG,75.63,307,10.13,33.38,,5.09,29,29.5,109,4.69,7.48,
2013,Larry Warford,Kentucky,OG,75,332,9.5,33.38,,5.58,28,22.5,96,5.1,7.78,
2013,Chance Warmack,Alabama,OG,74,317,9.63,34.68,9,5.49,,,110,5.01,7.93,
2013,Earl Watford,James Madison (VA),OG,75.38,300,10,34.08,,5.06,24,30,107,5,7.77,
2013,Brian Winters,Kent State (OH),OG,75.63,320,9.75,32.75,,5.22,9,31.5,107,4.77,7.55,
2014,Russell Bodine,North Carolina,OG,75.13,310,10,32.5,,5.18,42,29,109,4.66,8.26,
2014,Conor Boffeli,Iowa,OG,76.13,298,9.38,32,,5.3,21,25,101,4.61,7.44,
2014,Dakota Dozier,Furman (SC),OG,75.63,313,9.88,33.88,,5.42,23,24,100,4.89,8.14,
2014,Kadeem Edwards,Tennessee State,OG,76.25,313,9.5,35.5,,5.25,26,27,99,4.82,7.95,
2014,Zach Fulton,Tennessee,OG,76.63,316,10.25,33.25,,5.16,25,24.5,98,5.16,7.87,
2014,Ryan Groy,Wisconsin,OG,76.63,316,10.38,33.25,,5.19,26,26.5,108,4.47,7.49,
2014,Jon Halapio,Florida,OG,75.5,323,10.25,33.63,,5.34,,21.5,99,4.83,8.26,
2014,Gabe Jackson,Mississippi State,OG,75.25,336,10,33.75,,5.34,30,29,108,4.78,8.25,
2014,Charles Leno,Boise State,OG,75.88,303,10.13,34.38,,5.21,21,29,108,4.4,7.57,
2014,Brandon Linder,Miami (FL),OG,77.63,311,10.25,34.5,,5.35,30,26.5,99,4.71,7.77,
2014,Spencer Long,Nebraska,OG,76.63,320,10.75,33.125,,,,,,,,
2014,Cyril Richardson,Baylor,OG,76.75,329,9.5,34.63,,5.36,25,25.5,90,4.83,7.7,
2014,Anthony Steen,Alabama,OG,75.38,314,9.13,30.5,,5.33,,25,106,4.71,7.95,
2014,Xavier Su'a-Filo,UCLA,OG,76.13,307,9.38,33.38,,5.04,25,25,101,4.44,7.6,
2014,Brandon Thomas,Clemson,OG,75.25,317,10.5,34.75,,5.09,35,29,98,4.83,8.13,
2014,Trai Turner,Louisiana State,OG,74.63,310,9.5,34,,4.93,25,27.5,102,4.77,8.16,
2014,John Urschel,Penn State,OG,75,313,10.38,33,,5.31,30,29,101,4.47,7.55,
2014,Chris Watt,Notre Dame,OG,74.63,310,9.5,32.75,,5.5,29,28.5,104,4.76,7.67,
2014,David Yankey,Stanford,OG,77.63,315,9.5,34,,5.48,22,28.5,102,4.86,7.81,
2015,Ben Beckwith,Mississippi State,OG,75.25,317,10,32.375,,5.24,16,27.5,89,4.78,7.66,
2015,Mitchell Bell,Louisiana Tech,OG,74.63,348,9.25,32.375,,5.48,21,27,92,5.02,8.02,
2015,Al Bond,Memphis,OG,75.75,303,10.25,33.38,,5.57,22,23.5,90,4.65,7.9,
2015,Brett Boyko,Nevada Las Vegas,OG,78.63,301,9,32,,5.6,17,25,103,4.75,7.91,
2015,Leon Brown,Alabama,OG,77.75,346,9.75,34.25,,5.67,,20,119,5.34,8.72,
2015,Malcolm Bunche,UCLA,OG,77.88,320,9.38,33.875,,5.24,32,27.5,103,4.89,8,
2015,A.J. Cann,South Carolina,OG,74.75,313,10.25,32.63,,5.18,26,32.5,109,,,
2015,Kalon Davis,Clemson,OG,77,340,,,,5.46,,,,,,
2015,Miles Dieffenbach,Penn State,OG,76.13,305,8.88,30.875,,5.29,24,27,,4.69,7.74,
2015,Jamil Douglas,Arizona State,OG,76,304,10.75,33.38,,5.25,28,29,99,4.75,7.99,
2015,Zac Epping,Minnesota,OG,73.75,318,9.63,31.125,,5.48,22,27.5,103,4.69,7.7,
2015,Antoine Everett,McNeese State (LA),OG,75,328,9,32.75,,5.32,21,20.5,91,5.18,8.5,
2015,Tayo Fabuluje,Texas Christian,OG,78.38,353,9.88,34,,5.55,16,29.5,98,4.77,,
2015,Jon Feliciano,Miami (FL),OG,75.88,323,9.75,32.38,,5.33,23,26.5,97,4.74,,
2015,Mark Glowinski,West Virginia,OG,76.38,307,9.75,33.13,,5.2,31,29.5,113,4.58,7.56,
2015,Denzell Goode,Mars Hill (NC),OG,77.38,339,10.25,35.125,,5.34,23,31,103,4.85,8.02,
2015,Chad Hamilton,Coastal Carolina (SC),OG,74,292,9.38,34,,5.27,19,30,112,4.63,7.58,
2015,Rowdy Harper,Houston,OG,78,295,,,,5.29,,,,,,
2015,Jarvis Harrison,Texas A&M,OG,76.13,330,9.75,33.5,,5.19,26,29.5,102,4.62,7.51,
2015,Bobby Hart,Florida State,OG,76.75,329,10.13,33,,5.46,22,27,95,5.15,8.08,
2015,Tre Jackson,Florida State,OG,75.75,330,10.88,32.63,,5.52,20,25,96,5.27,,
2015,Kaleb Johnson,Rutgers,OG,76,303,10.5,33.5,,5.08,34,23,106,4.93,8,
2015,Terrence Jones,Troy (AL),OG,74.88,319,9.13,31.75,,5.5,22,30,98,5.19,8.82,
2015,Arie Kouandjio,Alabama,OG,76.75,310,10.88,34.13,,5.43,,25.5,100,5.38,8.4,
2015,Cyril Lemon,North Texas,OG,74.75,317,10,34,,5.34,14,24,100,4.84,8.22,
2015,Dallas Lewallen,Wisconsin,OG,77.88,322,10.13,33.375,,5.32,24,22,100,4.91,8.25,
2015,Cole Manhart,Nebraska-Kearney,OG,76.38,305,10.63,33.25,,5.38,28,28,103,4.65,7.92,
2015,Ali Marpet,Hobart & William Smith (NY),OG,75.88,307,10,33.38,33,4.98,30,30.5,108,4.47,7.33,
2015,Josue Matias,Florida State,OG,77.5,309,10,33.13,,5.52,21,17.5,84,5.12,8.19,
2015,John Miller,Louisville,OG,74.5,303,10.25,33.25,14,5.33,29,27,104,4.75,8.2,
2015,Tyler Moore,Florida,OG,77.63,325,9.25,33.25,,5.18,22,26,98,4.84,7.81,
2015,Mitch Morse,Missouri,OG,77.38,305,9.25,32.25,29,5.14,36,31,112,4.5,7.6,
2015,Robert Myers,Tennessee State,OG,76.75,326,9.5,33.75,,5.44,,27.5,94,4.91,8.1,
2015,Andy Phillips,Central Michigan,OG,74,306,9.63,30.875,,5.28,26,30,110,4.75,7.63,
2015,Jeremiah Poutasi,Utah,OG,77.13,335,9.5,33.88,,5.32,26,26.5,95,4.89,8.09,
2015,Daniel Quave,Louisiana-Lafayette,OG,74.63,324,9.5,33.5,,5.43,22,27,104,4.71,7.76,
2015,Matt Rotheram,Pittsburgh,OG,77,339,9.63,33,,5.53,22,28,104,4.53,7.63,
2015,Junior Salt,Utah,OG,74.25,331,10,33.125,,5.24,32,21.5,90,4.97,8.15,
2015,Adam Shead,Oklahoma,OG,75.63,338,10.38,33.75,,5.74,26,,,5,,
2015,Quinton Spain,West Virginia,OG,76.13,332,9.75,35,,5.36,28,29,103,4.75,7.88,
2015,Hamani Stevens,Oregon,OG,73.88,307,9.63,31.75,,5.42,33,20.5,92,4.7,8.25,
2015,Laken Tomlinson,Duke,OG,75.38,323,10.13,33.63,23,5.33,25,31.5,103,4.87,8.17,
2015,Bill Vavau,Utah State,OG,75.25,314,10.5,33.625,,5.18,25,29,101,,,
2015,Cody Wichmann,Frenso State (CA),OG,77.25,315,10.38,33,,5.32,20,27,106,4.75,7.41,
2015,Torrian Wilson,Central Florida,OG,74.88,316,10.25,32.75,,5.28,29,24,102,4.7,7.87,
2016,Vadal Alexander,Louisiana State,OG,77.25,326,10.5,35.25,,5.57,25,24,95,4.9,8.04,
2016,Joseph Cheek,Texas A&M,OG,78,295,9.25,32.75,,5.46,20,23.5,95,4.96,,
2016,Donavon Clark,Michigan State,OG,75.88,312,10.13,32.75,,5.19,26,27,102,4.72,7.6,
2016,Joe Dahl,Washington State,OG,76.13,304,9.13,33.13,,5.18,28,31,109,4.77,7.64,
2016,Spencer Drango,Baylor,OG,77.63,315,9.5,33.75,,5.27,30,27,100,4.66,7.88,
2016,Parker Ehinger,Cincinnati,OG,78.25,310,9.88,33,,5.26,,27.5,97,,,
2016,Anthony Fabiano,Harvard,OG,75.75,303,9.38,32.25,,5.04,25,32.5,108,4.42,7.41,
2016,Kyle Friend,Temple,OG,72.63,295,10.63,31.875,,5.09,41,28.5,102,4.69,7.48,
2016,Joshua Garnett,Stanford,OG,76.38,312,10.13,33.88,,5.32,30,29,99,4.64,7.62,
2016,Graham Glasgow,Michigan,OG,77.88,307,10.75,33.63,,5.13,23,25,106,4.63,7.63,
2016,Darrell Greene,San Diego State,OG,74.75,321,9.63,31.63,,5.2,28,21.5,98,4.98,8.07,
2016,Ted Karras,Illinois,OG,75.75,307,9.5,32.5,,5.34,32,26.5,106,4.7,8.15,
2016,Nila Kasitati,Oklahoma,OG,75.25,317,10.5,32,,5.32,12,27.5,107,4.83,8.3,
2016,Denver Kirkland,Arkansas,OG,76.5,335,9.63,34.63,,5.55,19,22.5,94,5.06,8.72,
2016,Connor McGovern,Missouri,OG,76.25,306,10.38,32.88,,5.11,33,33,109,4.65,7.5,
2016,Rees Odhiambo,Boise State,OG,75.88,314,9.63,33.25,,,23,27,93,4.69,8.09,
2016,Alex Redmond,UCLA,OG,76.75,294,10.5,33.25,,5.3,30,28,111,4.9,7.75,
2016,Isaac Seumalo,Oregon State,OG,75.88,303,9.88,33,,5.19,19,26,105,4.52,7.4,
2016,Joe Thuney,North Carolina State,OG,76.63,304,9.63,32.25,,4.95,28,28.5,110,4.54,7.47,
2016,Sebastian Tretola,Arkansas,OG,76.13,314,10.38,31.5,,5.45,22,23.5,90,5.02,7.94,
2016,Landon Turner,North Carolina,OG,75.88,330,10.38,32.88,,5.58,30,19,88,4.95,8.2,
2016,Christian Westerman,Arizona State,OG,75.13,298,11.88,33.5,,5.12,34,25,98,4.71,7.69,
2016,Cody Whitehair,Kansas State,OG,75.75,301,10.13,32.38,,5.02,16,25.5,110,4.58,7.32,
2017,Kofi Amichia,South Florida,OG,75.63,302,10.13,33.75,,4.99,32,33.5,114,,,
2017,Gavin Andrews,Oregon State,OG,77.13,340,9.75,33.5,,,25,25,96,5.09,8.3,
2017,Isaac Asiata,Utah,OG,75.13,323,10.38,33.75,,5.34,35,25.5,102,4.93,7.83,
2017,Travis Averill,Boise State,OG,75,304,9.63,31.625,,5.39,23,27.5,100,4.67,7.73,
2017,Josh Boutte,Louisiana State,OG,76.13,351,10.5,32.5,,5.27,28,27,103,4.98,8.11,
2017,Ben Braden,Michigan,OG,78.25,329,9.88,34,,5.04,25,28,102,4.9,7.85,
2017,Ethan Cooper,Indiana (PA),OG,74,322,10.38,32.63,11,5.36,26,24.5,99,4.88,8.02,
2017,Dion Dawkins,Temple,OG,75.88,314,9.88,35,12,5.11,26,26,106,4.78,7.3,
2017,Jessamen Dunker,Tennessee State,OG,76.13,318,10,33.5,,4.98,23,28.5,108,4.13,7.88,11.2
2017,Jake Eldrenkamp,Washington,OG,76.5,302,10,33,,5.39,,26,106,4.71,7.71,
2017,Dan Feeney,Indiana,OG,76,305,10.25,33.38,29,5.24,26,28,101,4.68,7.52,
2017,Evan Goodman,Arizona State,OG,75.25,306,10.63,33.25,,5.27,22,24.5,100,4.81,7.97,
2017,Sean Harlow,Oregon State,OG,76.13,303,9.5,32,,5.15,26,30.5,105,4.81,8.16,
2017,Cameron Hunt,Oregon,OG,75.75,307,9.38,31.875,,5.47,24,23.5,94,4.7,7.96,
2017,Danny Isidora,Miami (FL),OG,75.25,306,9.88,33,,5.03,26,29,94,4.9,8.13,
2017,Dorian Johnson,Pittsburgh,OG,76.63,300,10.88,35.25,24,5.27,21,30,114,5.09,8.39,
2017,Kyle Kalis,Michigan,OG,76.25,308,10.25,32.88,,5.52,30,24.5,99,4.62,7.84,
2017,Jason King,Purdue,OG,75.5,303,10,33.125,,5.3,35,31,107,4.72,7.75,
2017,Alex Kozan,Auburn,OG,75.5,309,10.75,33.125,,5.53,18,31,99,4.83,7.84,
2017,Forrest Lamp,Western Kentucky,OG,75.75,309,10.63,32.25,25,5,34,27.5,111,4.62,7.55,
2017,Cameron Lee,Illinois State,OG,76.63,312,10.88,33.88,,5.44,18,25.5,100,4.75,8.02,
2017,Jeremy Liggins,Mississippi,OG,75.13,315,10.13,34.5,,4.92,23,31,112,4.76,7.94,
2017,Erik Magnuson,Michigan,OG,76.75,305,9.13,32.125,,5.41,21,25,97,4.94,8.07,
2017,Damien Mama,Southern California,OG,75.25,334,11,35,,5.84,,24.5,96,5.38,8.51,
2017,Jonathan McLaughlin,Virginia Tech,OG,76.13,302,9.38,34.25,,5.54,,24,93,4.95,8.03,
2017,Jordan Morgan,Kutztown,OG,74.75,309,10,34.63,,5.36,21,27,102,4.73,8.13,11.71
2017,Taylor Moton,Western Michigan,OG,77.38,319,10.63,34.13,,5.18,23,30.5,109,4.58,7.73,
2017,Chris Muller,Rutgers,OG,77.88,315,10,33.25,,5.35,34,29,110,4.86,7.72,
2017,Caleb Peterson,North Carolina,OG,75.88,300,10,30.75,,,29,22,97,4.84,8.08,
2017,Greg Pyke,Georgia,OG,76.63,330,9.38,33.25,,5.28,24,20,102,4.84,7.91,
2017,Jordan Roos,Purdue,OG,75.63,302,9.25,32.375,,5.22,41,28.5,106,4.78,7.47,
2017,Nico Siragusa,San Diego State,OG,76.38,319,10.63,33.5,31,5.35,28,32,110,4.56,7.71,
2017,Eric Smith,Virginia,OG,76.38,312,9.38,34.75,,5.39,26,23.5,100,,,
2017,Freddie Tagaloa,Arizona,OG,77.88,307,10.63,34.625,,5.3,36,26.5,90,4.97,7.76,
2017,Nate Theaker,Wayne State (MI),OG,76.63,315,9.63,32.63,,5.41,23,27,105,4.89,7.97,
2017,Dylan Wiesman,Tennessee,OG,75.63,309,9.13,32,,5.06,27,28.5,105,4.89,8.11,
2017,Mario Yakoo,Boise State,OG,75.75,312,9.63,32.375,,5.42,18,25,100,4.77,7.91,
2017,Fred Zerblis,Colorado State,OG,73.75,302,8.88,31.375,,5.56,14,22.5,77,5.06,8.12,
2018,Tony Adams,North Carolina State,OG,73.38,302,9.13,33.5,,5.47,21,25.5,100,4.89,8.13,
2018,Dejon Allen,Hawaii,OG,74,295,9.25,32.625,,4.97,29,30.5,109,4.82,7.63,
2018,Kyle Bosch,West Virginia,OG,76.25,296,9,31.375,,5.63,23,25,92,4.85,7.88,
2018,Austin Corbett,Nevada,OG,76.38,306,10.5,33.13,,5.15,19,28,106,4.5,7.87,
2018,Tyrone Crowder,Clemson,OG,73.63,342,10,32,,5.75,32,22.5,93,,,
2018,Jamil Demby,Maine,OG,76.5,319,10.75,33.75,,5.58,17,23.5,98,4.95,7.86,
2018,Shamire Devine,Georgia Tech,OG,78.38,380,10,35.375,,5.82,10,21,86,5,8.28,
2018,Nick Gates,Nebraska,OG,77.38,307,10.25,32,,5.46,20,24,94,4.68,7.61,
2018,Matt Gono,Wesley,OG,76,316,9.88,34.375,,5.21,26,27,118,4.6,7.76,
2018,Colby Gossett,Appalachian State (NC),OG,76.88,311,10.88,33.88,,5.2,32,25,103,4.83,7.6,
2018,Jeremi Hall,South Florida,OG,76.88,307,9.25,30,,5.53,18,26,92,4.96,8.28,
2018,Taylor Hearn,Clemson,OG,76.5,320,8.75,32.5,,5.45,18,24,96,4.8,7.84,
2018,Will Hernandez,Texas-El Paso,OG,74.38,327,9.88,32,,5.15,37,24,104,4.7,7.59,
2018,Darius James,Auburn,OG,76.38,327,8.75,33.125,,5.32,30,24,98,4.95,8.2,
2018,Sam Jones,Arizona State,OG,76.63,305,9.5,31,,5.32,28,27,101,4.86,7.92,
2018,Cole Madison,Washington State,OG,77.25,308,10.38,32.25,,5.33,26,28.5,97,4.88,7.86,
2018,Brendan Mahon,Penn State,OG,76.25,319,9.75,33,,5.3,,24.5,101,4.84,7.99,
2018,K.J. Malone,Louisiana State,OG,75.63,303,9.25,33.5,,5.34,15,29.5,103,4.72,7.71,
2018,Dorian Miller,Rutgers,OG,73.88,295,9.63,32.875,,5.28,23,26.5,100,4.69,8,
2018,Patrick Morris,Texas Christian,OG,74.38,300,9,31.25,,5.09,37,35.5,117,4.41,7.34,
2018,Quenton Nelson,Notre Dame,OG,77,325,10.38,33.75,,,35,26.5,105,4.62,7.65,
2018,Joshua Outlaw,Louisiana Tech,OG,76,314,9.13,33.375,,5.38,25,28,99,4.96,7.95,
2018,Skyler Phillips,Idaho State,OG,74.75,318,9.5,33,,5.1,31,29,104,4.69,7.95,
2018,Matt Pryor,Texas Christian,OG,78.75,328,11.5,35.5,,5.6,23,24.5,96,4.9,7.87,
2018,Jashon Robertson,Tennessee,OG,74.5,292,9.25,33.25,,5.19,24,34,114,4.68,7.87,
2018,Khaliel Rodgers,North Carolina,OG,73.75,304,10,31.5,,5.35,29,25,106,4.97,8.13,
2018,Dyshon Sims,Georgia,OG,75.5,318,9.63,33.625,,5.44,20,26.5,100,5.02,8.13,
2018,Braden Smith,Auburn,OG,78.25,315,9.38,32.25,,5.22,35,33.5,113,4.77,7.81,
2018,Viane Talamaivao,Southern California,OG,73.75,300,10.5,32,,5.44,,21,93,5,8.01,
2018,Rod Taylor,Mississippi,OG,74.88,320,9.75,34.25,,5.24,21,30.5,99,4.83,8,
2018,Wyatt Teller,Virginia Tech,OG,76.5,314,10.25,34,,5.24,30,29,114,4.84,7.45,
2018,Alex Thompson,Monmouth (NJ),OG,74.75,301,10,31.25,,5.21,26,27,100,4.58,7.73,
2018,Najee Toran,UCLA,OG,73.75,307,10.13,32.125,,5.4,17,23.5,104,4.75,8.18,
2018,Salesi Uhatafe,Utah,OG,77,310,10.25,33,,5.4,20,28,109,4.9,7.7,
2018,Sean Welsh,Iowa,OG,74.75,306,10.25,32,,5.43,20,25,103,4.81,7.9,
2018,Isaiah Wynn,Georgia,OG,74.75,313,8.5,33.38,,,,,,,,
2019,Larry Allen,Harvard,OG,75,307,9.25,31.5,,5.29,29,25.5,97,5.46,8.5,
2019,Calvin Anderson,Texas,OG,76.5,292,9.38,33.125,,5.31,30,31,112,4.45,7.2,
2019,George Asafo-Adjei,Kentucky,OG,76.5,306,10.13,33.25,,5.03,31,30,109,4.88,8.07,
2019,Alex Bars,Notre Dame,OG,77.88,312,9.38,32.75,,,,,,,,
2019,David Beedle,Michigan State,OG,76.13,305,9,31.625,,5.64,26,21.5,97,4.92,7.9,
2019,Kamryn Bennett,California,OG,75.13,291,10.13,32.125,,5.34,21,23.5,93,4.97,8.14,
2019,Beau Benzschawel,Wisconsin,OG,78.25,309,9.63,33.38,,5.24,20,26.5,98,4.74,7.48,
2019,Chris Brown,Southern California,OG,76.75,300,9.38,31.5,,5.49,21,29,108,4.9,7.59,
2019,Garrett Brumfield,Louisiana State,OG,74.63,289,9.75,33,,5.19,24,33,112,4.51,7.59,
2019,Juwan Bushell-Beatty,Michigan,OG,77.5,315,9.75,33.75,,,16,25.5,95,4.91,8,
2019,Deion Calhoun,Mississippi State,OG,74.5,310,10,33.13,,5.07,26,28.5,105,4.62,7.46,
2019,Kyle Chung,Virginia Tech,OG,74.75,302,8.75,32.5,,5.48,31,29.5,106,4.82,7.77,
2019,Nate Davis,North Carolina Charlotte,OG,75.25,316,9.5,33.13,,5.23,23,26,107,4.83,7.94,
2019,Michael Deiter,Wisconsin,OG,77.13,309,10.75,33.13,,5.23,21,28,105,4.81,7.88,
2019,Mason Denley,Houston,OG,75.75,296,10.5,34,,5.22,28,29.5,111,4.81,7.71,
2019,Bobby Evans,Oklahoma,OG,76.38,312,9.88,34.75,,5.2,22,27.5,116,4.72,8,
2019,Brandon Fanaika,Stanford,OG,74.5,317,10.38,33.375,,5.48,23,26.5,99,4.79,7.62,
2019,Tanner Farmer,Nebraska,OG,75.38,315,9.38,31.5,,5.26,39,32.5,118,4.71,7.91,
2019,Drew Forbes,Southeast Missouri State,OG,76.5,308,10,32.625,,4.96,28,30.5,107,4.7,7.65,
2019,Cody Ford,Oklahoma,OG,75.75,329,9.75,34,,5.21,19,28.5,104,4.87,8.27,
2019,Hjalte Froholdt,Arkansas,OG,76.63,306,9.75,31.25,,5.2,31,27.5,105,4.54,7.51,
2019,A.T. Hall,Stanford,OG,76.13,303,10.63,34.375,,5.44,18,28,112,4.66,7.78,
2019,Phil Haynes,Wake Forest,OG,75.63,322,9.5,33.5,,5.2,33,31,108,4.95,7.76,
2019,Nate Herbig,Stanford,OG,75.5,335,10.13,33.25,,5.41,29,24,90,5.04,8.15,
2019,Martez Ivey,Florida,OG,77,315,10.38,36.25,,5.82,15,26.5,103,4.99,8.16,
2019,Andre James,UCLA,OG,76.13,299,10,32,,5.32,21,29,105,4.84,8,
2019,Jahair Jones,Miami (FL),OG,76,311,9.5,34,,5.4,24,26,88,4.96,8.06,
2019,Tyler Jones,North Carolina State,OG,75,306,9.75,33.75,,,23,31.5,111,4.82,7.75,
2019,Micah Kapoi,Wisconsin,OG,74.75,308,10,31.625,,5.55,23,27.5,99,5.16,8.36,
2019,Demetrius Knox,Ohio State,OG,76,310,10.5,33,,,15,,,,,
2019,Chris Lindstrom,Boston College,OG,75.75,308,9.5,34.13,,4.91,25,30.5,117,4.54,7.61,
2019,Andrew Marshall,Georgia Tech,OG,76.25,300,9.63,31.625,,5.37,19,24.5,100,,,
2019,Wes Martin,Indiana,OG,74.63,311,9.38,32.75,,5.41,38,28.5,113,4.82,7.56,
2019,Joshua Miles,Morgan State (MD),OG,77,314,10.75,35.625,,5.32,18,36,109,4.75,8.07,
2019,Wyatt Miller,Central Florida,OG,77.5,302,9.75,34.75,,5.37,14,26.5,101,4.78,8,
2019,Brendan Moore,Maryland,OG,75.63,306,9.88,31.5,,5.38,20,28.5,106,4.83,7.69,
2019,Ben Powers,Oklahoma,OG,76,307,9.88,33.75,,,21,29,97,4.83,,
2019,Terronne Prescod,North Carolina State,OG,76.5,330,10.13,32.25,,5.68,19,25,94,5.12,8.53,
2019,Damian Prince,Maryland,OG,76.63,306,9,33.5,,5.53,19,26.5,101,5.02,8.58,
2019,Ross Reynolds,Iowa,OG,74.88,304,9.88,32.75,,5.12,27,35.5,105,4.49,7.29,
2019,Elijah Rodriguez,Texas,OG,76.25,311,8.63,32.5,,,21,27,95,,,
2019,Dru Samia,Oklahoma,OG,76.75,305,10.13,33,,5.29,28,27.5,101,4.7,7.89,
2019,Jordan Sims,Mississippi,OG,75.75,326,10.75,32.625,,5.68,17,23.5,86,5.22,8.27,
2019,Trevon Tate,Memphis,OG,74.5,293,9.63,32.38,,5.26,22,28.5,108,4.8,7.73,
2019,Arthur Williams,Florida State,OG,75.75,334,9.75,32.25,,5.43,26,27.5,98,5.07,8.11,
2019,Willie Wright,Tulsa (OK),OG,74.63,296,9.63,34.375,,5.07,24,33,114,4.71,7.57,
2020,Hakeem Adeniji,Kansas,OG,76.38,300,10,33.75,,5.17,26,34,115,5.08,8.32,
2020,Tremayne Anchrum,Clemson,OG,73.88,314,9.63,33.63,,5.21,26,24.5,104,,,
2020,Ben Bredeson,Michigan,OG,76.63,315,10.13,31.13,,,,,,,,
2020,Cameron Clarke,North Carolina Charlotte,OG,76.5,308,11,34.13,,5.29,26,25,101,,,
2020,Justin Herron,Wake Forest,OG,77,290,8.88,33.5,,5.26,27,33,105,4.88,8.41,
2020,Robert Hunt,Louisiana-Lafayette,OG,77.13,323,10.75,33.5,,,,,,,,
2020,Cordel Iwuagwu,Texas Christian,OG,75,311,10.13,33.75,,5.22,25,27,94,4.87,8.03,
2020,Jonah Jackson,Ohio State,OG,75.5,306,10.5,33.5,,5.23,28,26,98,5.02,7.83,
2020,Solomon Kindley,Georgia,OG,75.25,337,10,32.25,,,,,,,,
2020,Shane Lemieux,Oregon,OG,75.88,310,9.5,32.25,,5.11,26,25.5,107,4.9,8.13,
2020,Damien Lewis,Louisiana State,OG,74,327,10.25,33,,5.24,27,30,108,,,
2020,John Molchon,Boise State,OG,77,318,9.5,31.13,,5.13,26,34,109,4.73,7.85,
2020,Netane Muti,Frenso State (CA),OG,74.88,315,10.63,31.75,,,44,,,,,
2020,Mike Onwenu,Michigan,OG,75,350,10.5,34.38,,,26,,,,,
2020,Tyre Phillips,Mississippi State,OG,77,331,10.38,35.13,,5.37,22,25,93,5.11,8.17,
2020,Danny Pinter,Ball State (IN),OG,76.25,306,9.5,31.88,,4.91,24,29.5,110,4.62,7.76,
2020,Jon Runyan,Michigan,OG,76.25,306,9.13,33.25,,5.08,24,30.5,107,4.69,7.57,
2020,Logan Stenberg,Kentucky,OG,78,317,10.25,32.5,,5.3,,26,104,4.83,8,
2020,Simon Stepaniak,Indiana,OG,76.13,313,10.38,32,,,37,,,,,
2021,Jack Anderson,Texas Tech,OG,76.63,314,10,31.875,,5.27,27,29.5,105,4.83,7.88,
2021,Kayode Awosika,Buffalo,OG,75.13,307,9,32.625,,5.19,28,30,100,4.91,8.15,
2021,Cole Banwart,Iowa,OG,75.75,298,10.375,33.75,,5.23,20,27.5,103,4.56,7.5,
2021,Larry Borom,Missouri,OG,76.88,322,10.375,33.125,,5.15,21,31,103,,8.04,
2021,Deonte Brown,Alabama,OG,75.25,344,9.125,32.375,,5.57,,27,96,5.18,8.33,
2021,Jake Burton,Baylor,OG,77.5,303,10,32.125,,5.49,22,26,100,4.97,8.22,
2021,Ben Cleveland,Georgia,OG,78.25,343,9.75,33.75,,5.05,30,28,102,4.88,,
2021,Wyatt Davis,Ohio State,OG,75.63,315,9.125,33.875,,,25,,122,,,
2021,Jon Dietzen,Wisconsin,OG,76.63,312,9.375,33.75,,,19,27,106,4.85,7.64,
2021,Matt Farniok,Nebraska,OG,77.25,311,9.625,33.25,,5.2,28,33,105,4.47,7.19,
2021,Joshua Fedd-Jackson,Virginia Union,OG,75.13,331,9.25,33.125,,5.62,13,24.5,99,5.18,8.38,
2021,Parker Ferguson,Air Force,OG,75.75,306,9.25,32.875,,5.19,24,31,103,4.9,7.75,
2021,Robert Hainsey,Notre Dame,OG,76.5,306,9.75,32.125,,5.24,32,27.5,104,4.64,7.53,
2021,Bryce Hargrove,Pittsburgh,OG,75.88,310,9.875,32.5,,5.46,26,27,97,5.03,8.06,
2021,Jared Hocker,Texas A&M,OG,78,327,11,33.125,,5.37,,30,103,4.76,7.58,
2021,Tristen Hoge,Brigham Young,OG,76.75,306,10.75,33,,5.22,29,26,105,4.85,7.9,
2021,Sadarius Hutcherson,South Carolina,OG,75.38,321,9,32.375,,5.01,35,31.5,106,,,
2021,Braylon Jones,Houston,OG,75.38,301,9.75,33.375,,5.33,18,26.5,108,4.75,7.69,
2021,Robert Jones,Middle Tennessee State,OG,76.25,307,9.625,33.375,,5.32,,31,101,4.84,8.16,
2021,Tommy Kraemer,Notre Dame,OG,77.5,309,10.625,33.5,,,,,115,,,
2021,Nolan Laufenberg,Air Force,OG,76.13,312,9.75,32.25,,5.34,,29.5,105,4.77,7.7,
2021,David Moore,Grambling State (LA),OG,73.63,330,9.625,34.125,,5.19,31,27.5,105,4.9,8.06,
2021,Royce Newman,Mississippi,OG,77.25,310,9,33.75,,5.15,23,28,104,4.75,7.91,
2021,Joe Sculthorpe,North Carolina State,OG,74.25,295,9.125,31.25,,5.26,23,28,105,4.63,7.69,
2021,Rashawn Slater,Northwestern,OG,76.25,304,10.5,33,,4.91,33,33,112,4.45,7.48,
2021,DAnte Smith,East Carolina (NC),OG,77.38,305,10,35.25,,5.33,24,29,113,4.75,7.9,
2021,Trey Smith,Tennessee,OG,77.5,321,10,33.75,,5.11,32,31,112,4.82,7.43,
2021,Syrus Tuitele,Frenso State (CA),OG,77.5,311,10.125,32.375,,5.21,36,26,94,4.91,8.19,
2021,Alijah Vera-Tucker,Southern California,OG,76.5,308,9.625,32.125,,5.13,32,32,106,4.63,7.7,
2022,Blaise Andries,Minnesota,OG,78.25,308,9.88,33.88,,5.1,,30.5,106,4.68,7.84,
2022,Ben Brown,Mississippi,OG,77.13,312,10.25,34.38,,,,,,,,
2022,Spencer Burford,Texas-San Antonio,OG,76.13,304,9.5,34.75,,5.19,,27.5,105,4.73,,
2022,JAtyre Carter,Southern (LA),OG,75.38,311,10.25,33.63,,5.13,,30,108,4.9,7.84,
2022,William Dunkle,San Diego State,OG,76.88,328,10.25,33.63,,5.44,25,26,95,4.91,7.97,
2022,Joshua Ezeudu,North Carolina,OG,76.25,308,9.5,34,,5.19,,28.5,105,4.56,7.83,
2022,Luke Goedeke,Central Michigan,OG,77,312,9.75,32.25,,,26,,,,,
2022,Kenyon Green,Texas A&M,OG,75.88,323,10.38,34.13,,5.24,20,26,102,5.12,,
2022,Marquis Hayes,Oklahoma,OG,76.88,318,8.88,35.38,,5.3,,23.5,102,4.78,7.94,
2022,Chasen Hines,Louisiana State,OG,74.75,327,9.88,33.88,,5.22,,30.5,108,,,
2022,Ed Ingram,Louisiana State,OG,75.25,307,10,33.63,,5.02,,20.5,102,4.76,7.81,
2022,Zion Johnson,Boston College,OG,74.63,312,10.63,34,,5.18,32,32,112,4.46,7.38,
2022,Darian Kinnard,Kentucky,OG,77.38,322,11.25,35,,5.31,,25,99,4.96,8.11,
2022,Chris Paul,Tulsa (OK),OG,75.88,328,9.5,34,,4.89,26,27,109,4.83,7.74,
2022,Sean Rhyan,UCLA,OG,76.63,321,11.13,32.38,,5.25,,33.5,110,4.81,7.55,
2022,Tyrese Robinson,Oklahoma,OG,75.13,319,10.25,33.75,,5.25,,22.5,100,4.94,8.35,
2022,Andrew Rupcich,,OG,78,318,9.5,32.88,,5.31,,27.5,108,,,
2022,Jamaree Salyer,Georgia,OG,75,321,10,33.63,,,31,,,,,
2022,Justin Shaffer,Georgia,OG,75.88,314,10,33.25,,5.14,,25.5,107,,,
2022,Lecitus Smith,Virginia Tech,OG,75.25,314,9.63,31.88,,5.18,23,,99,4.78,7.88,
2022,Cole Strange,Tennessee-Chattanooga,OG,76.88,307,10.13,33,,5.03,31,28,120,4.5,7.44,
2022,Zach Tom,Wake Forest,OG,76.25,304,10.38,33.25,,4.94,,33,118,4.47,7.32,
2022,Cordell Volson,North Dakota State,OG,78.13,315,10.5,33.88,,5.27,25,25,104,4.93,8.31,
2022,Nick Zakelj,Fordham (NY),OG,78.13,316,9.88,32.88,,5.13,27,28.5,110,4.71,7.75,
2023,Steve Avila,Texas Christian,OG,75.5,332,9.25,33,,5.21,28,29.5,98,4.74,7.85,
2023,Henry Bainivalu,Washington,OG,77.75,306,10.75,34,,5.5,,28,101,4.97,8.34,
2023,T.J. Bass,Oregon,OG,76.38,321,9.25,32.38,,5.48,,28.5,109,,,
2023,Anthony Bradford,Louisiana State,OG,76,332,9.5,33.5,,5.08,34,30,106,4.8,7.84,
2023,Nick Broeker,Mississippi,OG,76.38,305,9.75,32.5,,5.27,,,,4.7,7.75,
2023,Braeden Daniels,Utah,OG,75.63,307,9.38,33,,4.99,,30.5,109,4.6,7.53,
2023,Emil Ekiyor,Alabama,OG,74.5,314,9.5,33.88,,,23,,,,,
2023,Mark Evans,Arkansas-Pine Bluff,OG,74.5,303,10.38,32.38,,5.44,19,26.5,101,4.92,7.75,
2023,Jon Gaines,UCLA,OG,76,303,10.13,33.63,,5.01,19,32.5,114,4.45,7.31,
2023,Anton Harrison,Oklahoma,OG,76.38,315,9.25,31.75,,4.98,,28.5,105,,,
2023,Brent Laing,Minnesota-Duluth,OG,75.88,304,9.75,32.38,,5.19,24,28,102,4.65,7.63,
2023,Tashawn Manning,Kentucky,OG,75.13,327,9.75,34.5,,5.34,,27.5,102,4.8,7.9,
2023,Cody Mauch,North Dakota State,OG,77,302,9.75,32.38,,5.08,29,29,108,4.55,7.33,
2023,Warren McClendon,Georgia,OG,76.13,306,10,34.5,,,20,,,,,
2023,Jordan McFadden,Clemson,OG,74.25,303,9.5,34,,4.99,24,28.5,,4.81,7.7,
2023,Asim Richards,North Carolina,OG,76.25,309,10,34,,5.16,13,29,107,4.89,7.76,
2023,Peter Skoronski,Northwestern,OG,76,313,10,32.25,,5.16,30,34.5,115,,7.8,
2023,Sidy Sow,Eastern Michigan,OG,76.75,323,10.38,33.63,,5.07,27,32,110,4.69,7.62,
2023,OCyrus Torrence,Florida,OG,77.38,330,11.25,33.88,,5.31,23,23.5,101,4.81,,
2023,Andrew Vorhees,Southern California,OG,78,310,10,32.13,,,38,29,105,,,
2023,Alan Ali,Texas Christian,C,76.25,301,9.5,32.88,,,,26.5,,,,
2023,Jake Andrews,Troy (AL),C,74.75,305,10,32.88,,5.15,29,26,102,4.73,7.77,
2023,Alex Forsyth,Oregon,C,75.88,303,10.25,32.75,,,29,20.5,95,,,
2023,Jovaughn Gwyn,South Carolina,C,73.88,297,9.88,31.75,,5.12,34,27.5,109,4.8,7.9,
2023,Olusegun Oluwatimi,Michigan,C,74.5,309,8.63,32.75,,5.38,29,29,110,4.68,7.58,
2023,Jarrett Patterson,Notre Dame,C,77.13,306,10,31.38,,5.33,22,29.5,106,4.73,7.96,
2023,John Michael Schmitz,Minnesota,C,75.5,301,9.5,32.63,,5.35,26,29.5,104,4.56,,
2023,Juice Scruggs,Penn State,C,75.25,305,10.25,33.25,,5.22,29,32,102,4.82,7.75,
2023,Ricky Stromberg,Arkansas,C,75.25,306,9.75,33.25,,5.26,,32.5,111,,,
2023,Joe Tippmann,Wisconsin,C,78,313,10.75,32.75,,,,,,,,
2023,Luke Wypler,Ohio State,C,74.63,303,9.63,31.63,,5.14,29,30.5,106,4.53,7.64,
2022,Dawson Deaton,Texas Tech,C,77.5,306,9.63,32.88,,5.12,24,29,108,4.49,7.52,
2022,Luke Fortner,Kentucky,C,76.13,307,10,33.13,,5.21,,24,102,4.95,7.75,
2022,Cam Jurgens,Nebraska,C,74.88,303,10,33.38,,4.92,25,,,,,
2022,Tyler Linderbaum,Iowa,C,74.13,296,10,31.13,,,,,,4.66,,
2022,Alec Lindstrom,Boston College,C,75.38,296,9.25,32.63,,5.18,25,29,111,4.66,7.5,
2022,Dylan Parham,Memphis,C,74.63,311,10.25,33.13,,4.93,,26.5,108,4.7,7.78,
2022,Luke Wattenberg,Washington,C,76,299,9.38,34.13,,5.2,,29.5,113,4.57,7.45,
2022,Dohnovan West,Arizona State,C,75.25,296,9.5,33,,5.27,,28,112,,,
2021,Chase Behrndt,West Virginia,C,75.5,324,10.375,33.5,,5.55,25,24.5,101,4.93,8.21,
2021,Harry Crider,Indiana,C,74.88,307,8.875,32.75,,5.26,31,27,102,4.64,7.63,
2021,Drew Dalman,Stanford,C,75.38,299,10.5,32,,5.05,33,33,109,4.51,7.33,
2021,Landon Dickerson,Alabama,C,77.63,333,10.375,33.25,,,,,106,,,
2021,Brett Heggie,Florida,C,76,310,9.75,33.25,,5.5,21,26,105,4.69,7.66,
2021,Trey Hill,Georgia,C,75.5,319,9.375,33.625,,5.46,17,,118,4.95,8.29,
2021,Creed Humphrey,Oklahoma,C,76.25,302,9.625,32.5,,5.11,29,33,112,4.49,7.5,
2021,Drake Jackson,Kentucky,C,73.88,293,8.25,31.125,,,,31.5,123,,,
2021,Brandon Kennedy,Tennessee,C,74,286,9.25,31.875,,5.32,22,25,100,4.92,8.36,
2021,Ryan McCollum,Texas A&M,C,77.25,307,10.25,33.625,,5.3,20,29.5,98,4.8,7.71,
2021,Quinn Meinerz,Wisconsin-Whitewater,C,74.88,320,10.25,33.375,,4.99,,32,111,4.58,7.54,
2021,Michal Menet,Penn State,C,76.13,301,10,31.5,,,26,,126,,,
2021,Jimmy Morrissey,Pittsburgh,C,75.25,303,10,32.75,,5.31,26,31,105,4.47,7.39,
2021,Josh Myers,Ohio State,C,77.25,310,10.375,32,,,29,,119,,,
2021,Ry Schneider,Oklahoma State,C,74.38,312,10.25,32.875,,5.67,26,23.5,85,5.37,8.51,
2020,Tyler Biadasz,Wisconsin,C,75.63,314,10,32.25,,,,,,,,
2020,Cohl Cabral,Arizona State,C,76.88,300,10,32.25,,,20,,,,,
2020,Trystan Colon-Castillo,Missouri,C,76,315,9.25,30.5,,,11,,,,,
2020,Lloyd Cushenberry,Louisiana State,C,75.13,312,10.38,34.13,,5.27,25,,,,,
2020,Jake Hanson,Oregon,C,76.38,303,9.25,32.75,,5.5,33,,,,,
2020,Nick Harris,Washington,C,72.88,302,9.75,32.13,,5.1,20,29.5,103,,,
2020,Matt Hennessy,Temple,C,75.88,307,10,32.25,,5.18,23,30,110,4.6,7.45,
2020,Keith Ismael,San Diego State,C,74.88,309,10,32.25,,5.34,,32,108,4.65,8.14,
2020,Cesar Ruiz,Michigan,C,74.75,307,11,33.13,,5.08,28,33,113,4.64,7.91,
2020,Darryl Williams,Mississippi State,C,74.38,304,9.75,32.13,,5.23,23,25.5,102,4.76,7.88,
2019,Nick Allegretti,Illinois,C,76.25,310,10.13,32.25,,5.32,22,29.5,103,4.66,7.56,
2019,Kirk Barron,Purdue,C,73.88,309,9.13,30.125,,5.19,36,25.5,105,4.62,7.94,
2019,Garrett Bradbury,North Carolina State,C,74.88,306,10.5,31.75,,4.92,34,31,104,4.53,7.41,
2019,Jesse Burkett,Stanford,C,76,303,8.5,32.875,,5.55,23,25,102,5.06,8.28,
2019,Alec Eberle,Florida State,C,75.38,297,9.5,31.375,,5.51,26,26.5,98,4.8,7.94,
2019,Justin Falcinelli,Clemson,C,76.25,309,9.75,32.5,,,27,,,,,
2019,Quin Ficklin,Utah State,C,74.63,295,9,31.25,,5.25,18,26.5,106,4.81,7.97,
2019,Lamont Gaillard,Georgia,C,74.38,305,10.38,33.5,,5.15,18,26.5,97,4.78,7.81,
2019,Tyler Gauthier,Miami (FL),C,76,311,9.88,32,,5.24,27,30,104,,,
2019,Michael Jordan,Ohio State,C,77.88,312,10,34.25,,5.27,19,32.5,116,4.71,7.71,
2019,Nick Linder,Indiana,C,75,307,9.75,32.25,,,,,,,,
2019,Toa Lobendahn,Southern California,C,75.13,300,9.63,31.375,,,36,28.5,102,,,
2019,Erik McCoy,Texas A&M,C,75.88,303,9.63,33,,4.89,29,31,107,4.62,8.28,
2019,Sam Mustipher,Notre Dame,C,74.25,306,9,32.125,,5.63,20,26.5,101,4.84,8.25,
2019,Javon Patterson,Mississippi,C,74.88,307,9,32.5,,5.13,27,27.5,98,4.78,7.72,
2019,Ross Pierschbacher,Alabama,C,75.63,308,10,32.125,,5.2,20,22.5,,4.7,7.83,
2019,Keegan Render,Iowa,C,75,305,9.88,32,,5.39,20,27.5,100,4.71,7.52,
2018,Brian Allen,Michigan State,C,73.13,298,9.25,32.38,,5.34,27,26.5,99,4.71,7.81,
2018,Bradley Bozeman,Alabama,C,76.88,296,9.75,31.25,,5.46,27,24,97,5.17,8.25,
2018,Evan Brown,Southern Methodist (TX),C,74.5,302,10,32.5,,5.03,36,36,113,4.46,7.87,
2018,Will Clapp,Louisiana State,C,76.5,311,9.63,31.25,,5.39,25,29,97,4.92,8.04,
2018,Mason Cole,Michigan,C,76.13,307,9.63,32.13,,5.23,23,23.5,104,4.78,7.77,
2018,James Daniels,Iowa,C,75.38,306,9.5,33.75,,,21,30.5,108,4.4,7.29,
2018,Austin Davis,Duke,C,75.88,301,9.13,31.75,,5.25,25,30.5,104,4.65,7.58,
2018,Cam Dillard,North Carolina,C,74.88,302,9.75,31.375,,5.23,29,29.5,100,4.63,8.15,
2018,Nico Falah,Southern California,C,75.75,301,10.63,33.25,,5.13,21,32,100,4.69,7.74,
2018,Austin Golson,Auburn,C,76.75,304,9.63,32.25,,5.19,27,28.5,109,4.65,7.71,
2018,J.C. Hassenauer,Alabama,C,74.5,302,10.5,32.625,,5.23,28,27.5,101,4.64,7.88,
2018,Cory Helms,South Carolina,C,75.88,308,10.38,32,,,26,,,,,
2018,Alan Knott,South Carolina,C,75.75,291,9.38,33.875,,5.07,17,32,105,4.66,7.62,
2018,Tejan Koroma,Brigham Young,C,72.13,298,9.63,31.25,,5.36,32,30.5,114,4.68,8.05,
2018,Brad Lundblade,Oklahoma State,C,74.75,295,9.63,31.75,,5.45,24,28,95,4.8,8.01,
2018,Brad North,Northwestern,C,74.13,292,9.75,32,,5.25,23,28,110,4.77,8.01,
2018,Alex Officer,Pittsburgh,C,75,331,10.5,34.625,,5.37,22,24.5,,5.16,8.03,
2018,Billy Price,Ohio State,C,75.75,305,9.75,32,,,,,,,,
2018,Scott Quessenberry,UCLA,C,75.63,310,9.75,31.75,,5.09,25,33.5,111,4.69,7.5,
2018,Frank Ragnow,Arkansas,C,77.13,312,9.38,33.13,,4.99,26,33.5,115,4.51,8.04,
2018,Coleman Shelton,Washington,C,75.38,292,8.5,31.5,,5.24,,26.5,110,4.59,7.62,
2018,Coleman Thomas,Tennessee,C,77.75,322,8.5,32.625,,5.48,,27.5,101,4.89,7.8,
2017,Jamaal Clayborn,Mississippi State,C,75.75,316,8.88,33.25,,5.64,15,25.5,98,5.01,8,
2017,Lucas Crowley,North Carolina,C,74.25,294,9.38,32.5,,5.38,30,26,98,4.87,7.96,
2017,J.J. Dielman,Utah,C,76.75,309,10,32.25,,,27,,,4.84,,
2017,Pat Elflein,Ohio State,C,74.75,303,9.75,33.25,21,5.32,22,23.5,99,4.71,7.94,
2017,Kyle Fuller,Baylor,C,76.75,307,9.38,32.88,,5.24,23,26,96,4.84,7.71,
2017,Brian Gaia,Penn State,C,74.38,292,10,31.875,,5.17,32,28,105,4.7,7.82,
2017,Eddie Gordon,Louisiana-Lafayette,C,73,310,8.13,32.625,,5.07,24,29.5,98,4.71,7.56,
2017,Jay Guillermo,Clemson,C,75,298,9.25,31.75,,5.48,33,28.5,105,4.91,7.78,
2017,Brandon Kublanow,Georgia,C,74,300,8.88,32,,5.27,31,29,100,4.69,8.01,
2017,Derrick Nelson,Rutgers,C,74.88,298,9.25,32.875,,5.44,26,28,109,4.73,7.75,
2017,Tyler Orlosky,West Virginia,C,75.13,298,9.75,32.25,,5.39,24,26.5,102,3.89,8,11.14
2017,Ethan Pocic,Louisiana State,C,78,310,10.13,33.13,29,5.15,26,27,107,4.81,7.89,
2017,Chase Roullier,Wyoming,C,75.75,312,9.5,32.25,31,5.54,19,26.5,97,4.47,7.6,
2017,Joe Scelfo,North Carolina State,C,72.25,293,9.75,29.75,,,22,26,95,4.9,7.96,
2017,Michael Selby,Marshall (WV),C,73.38,295,9.25,31.5,,5.49,,27.5,98,4.71,8.22,
2017,Joe Spencer,Illinois,C,74.38,289,9.38,29.75,,5.5,20,25.5,98,4.9,8.09,
2017,Cameron Tom,Southern Mississippi,C,75.5,291,9.38,33.625,,4.89,23,32,116,4.59,7.57,
2017,Jon Toth,Kentucky,C,76.88,307,10,33.63,,5.51,21,25.5,100,4.37,8.09,11.77
2017,Michael Wilson,Oklahoma State,C,78,295,9,30.5,,,25,,,,,
2016,Jack Allen,Michigan State,C,73.25,294,10.13,32.25,,5.29,23,26.5,101,4.73,7.9,
2016,Austin Blythe,Iowa,C,74.13,298,9.38,30.25,,5.36,29,27.5,99,4.53,7.52,
2016,Evan Boehm,Missouri,C,74.13,302,10.25,31.63,,5.33,24,28.5,96,4.69,7.52,
2016,Jake Brendel,UCLA,C,76.13,303,9,31.625,,5.01,25,28,108,4.27,7.31,
2016,Ty Darlington,Oklahoma,C,74.75,294,9.88,32.25,,5.09,24,28.5,107,4.71,8.07,
2016,Joey Hunt,Texas Christian,C,73.75,299,10,30,,,34,,,,,
2016,Jared Kaster,Texas Tech,C,74.88,296,9.5,30.75,,5.52,22,26,89,4.8,8.15,
2016,Ryan Kelly,Alabama,C,76,311,9.63,33.63,,5.03,26,30,103,4.59,7.58,
2016,Nick Martin,Notre Dame,C,76.13,299,9.75,32.5,,5.22,28,28,97,4.72,7.57,
2016,Mike Matthews,Texas A&M,C,73.63,297,8.88,30.875,,5.45,30,24.5,95,5.01,8.09,
2016,Matt Skura,Duke,C,75.38,305,10.13,33.375,,5.39,27,24,103,4.76,7.89,
2016,Max Tuerk,Southern California,C,77,298,10.75,32.5,,,22,,,,,
2015,David Andrews,Georgia,C,74.13,294,10,32.125,,5.12,27,30,108,4.78,8.12,
2015,Austin Barron,Florida State,C,75,293,,,,5.17,,,,,,
2015,Betim Bujari,Rutgers,C,75.5,298,9.63,30.875,,5.27,21,25,90,4.93,7.85,
2015,Dillon Day,Mississippi State,C,75.38,305,9.13,33.75,,5.26,23,26,97,4.76,7.63,
2015,Reese Dismukes,Auburn,C,74.75,296,8.88,32.25,,5.31,23,27.5,107,4.7,8.14,
2015,Nick Easton,Harvard,C,74.75,307,10.38,31.125,,5.15,29,30.5,112,4.6,7.73,
2015,Cameron Erving,Florida State,C,77.5,313,10.38,34.13,,5.15,30,30.5,112,4.63,7.48,
2015,Tom Farniok,Iowa State,C,75.13,300,9.75,31.25,,5.27,23,30,108,4.75,7.85,
2015,B.J. Finney,Kansas State,C,75.75,318,10,32,,5.25,20,24,99,4.76,,
2015,Andy Gallik,Boston College,C,74.38,306,10.25,32.75,,5.5,29,27,96,4.58,7.66,
2015,Max Garcia,Florida,C,76.13,309,10.25,33.13,,5.24,30,28,103,5.12,8.18,
2015,Hroniss Grasu,Oregon,C,75,297,10.25,32.13,28,5.12,,,,4.74,7.85,
2015,Steven Gurrola,Arizona,C,73,291,9.75,30.375,,5.27,22,29.5,95,4.96,7.94,
2015,Chris Jasperse,Marshall (WV),C,75.38,297,8.75,31,,5.38,25,24,101,4.88,7.53,
2015,Greg Mancz,Toledo,C,76.5,301,10,32.75,,5.08,,,,,,
2015,Shaquille Mason,Georgia Tech,C,73.75,310,9.5,32.125,,5.27,25,32,110,4.65,7.53,
2015,Shane McDermott,Miami (FL),C,75.5,302,9.38,32,,5.21,27,29,103,4.75,7.79,
2015,David Peterson,San Jose State,C,75.5,295,10.13,32.625,,5.32,23,24.5,101,4.9,7.79,
2015,Elliott Porter,Louisiana State,C,75.25,298,9.38,32.5,,5.16,26,24,91,4.97,7.81,
2015,Austin Reiter,South Florida,C,74.88,300,9.5,32,,5.17,,34,107,4.53,7.65,
2015,Jake Smith,Louisville,C,75.38,309,10,32.25,,5.32,23,23,97,4.89,7.9,
2015,Joe Townsend,Vanderbilt,C,75.5,308,9,31.875,,5.28,24,24.5,94,4.9,8.1,
2015,Valerian Ume-Ezeoke,New Mexico State,C,74,305,9,32.125,,5.45,25,30,106,4.82,8.15,
2015,Brandon Vitabile,Northwestern,C,73.75,304,9.5,30,,5.2,,26.5,101,4.56,7.78,
2015,Robert Waterman,Nevada Las Vegas,C,74,290,,,,5.23,,,,,,
2014,Matt Armstrong,,C,74.13,302,10.63,33,,5.36,24,32,106,,,
2014,Luke Bowanko,Virginia,C,77.5,302,9.5,33.5,,5.25,26,27,99,4.75,7.53,
2014,Jonotthan Harrison,Florida,C,75.5,304,9.88,33.38,,5.15,27,27,112,4.86,7.97,
2014,Gabe Ikard,Oklahoma,C,75.63,304,9.63,33.13,,5.13,22,26,102,4.37,7.3,
2014,Tyler Larsen,Utah State,C,75.63,313,9.25,31.5,,5.17,36,23.5,101,4.7,8.22,
2014,Corey Linsley,Ohio State,C,74.63,296,9.88,32,,5.24,36,27,107,4.53,7.46,
2014,Marcus Martin,Southern California,C,75.38,320,10,34,,5.38,23,,,4.93,,
2014,Matt Paradis,Boise State,C,74.63,306,9.88,32.375,,5.34,23,26,102,4.46,7.6,
2014,Demetrius Rhaney,Tennessee State,C,73.75,301,9.5,32,,4.9,24,29,110,4.22,7.59,
2014,Weston Richburg,Colorado State,C,75.38,298,9.25,33.38,,5.1,25,25.5,104,4.63,7.93,
2014,James Stone,Tennessee,C,75.63,306,10.13,33.88,,5.17,22,27.5,104,4.63,8.16,
2014,Bryan Stork,Florida State,C,75.88,315,10.13,32.25,,5.44,21,26,97,5.02,7.9,
2014,Travis Swanson,Arkansas,C,77,312,10,33.13,,5.28,20,26,93,4.65,7.73,
2013,Braxston Cave,Notre Dame,C,75.25,303,9.38,32.08,,5.33,32,25.5,98,4.71,7.81,
2013,Travis Frederick,Wisconsin,C,75.63,312,10,33.08,,5.58,21,28.5,97,4.76,7.81,
2013,Khaled Holmes,Southern California,C,75.25,302,10.25,35,,5.29,13,29.5,104,4.74,7.66,
2013,T.J. Johnson,South Carolina,C,76.25,310,9.5,33.48,,5.33,32,25.5,96,4.74,7.83,
2013,Barrett Jones,Alabama,C,76.5,306,10.25,34.125,,,,,,,,
2013,Eric Kush,California (PA),C,75.88,304,9.75,32.875,,5.04,25,30,108,4.35,7.4,
2013,P.J. Lonergan,Louisiana State,C,75.25,304,10.13,33.08,,5.38,25,26,92,4.93,8.01,
2013,Joe Madsen,West Virginia,C,75.38,310,9.5,30.08,,5.2,25,25,98,4.83,7.6,
2013,Brian Schwenke,California,C,75,314,10.25,32.08,31,4.99,31,26.5,108,4.74,7.31,
2013,Matt Stankiewitch,Penn State,C,74.75,302,10,32.48,,5.43,27,24,92,4.96,7.9,
2012,Philip Blake,Baylor,C,74.75,311,9.88,33,,5.17,22,29.5,105,4.65,7.86,
2012,Michael Brewster,Ohio State,C,76.13,312,9.5,31.5,,5.35,29,25,96,4.6,7.73,
2012,Garth Gerhart,Arizona State,C,73.25,305,9.63,33.38,,5.38,25,30.5,96,4.65,7.63,
2012,Josh Harris,Auburn,C,73.13,252,9,30.5,,4.82,15,31,119,4.19,7.17,
2012,Ben Jones,Georgia,C,74.63,303,9.63,32.5,,5.35,29,30.5,105,4.74,7.95,
2012,Peter Konz,Wisconsin,C,77,314,9.25,33,,5.16,18,,,,,
2012,David Molk,Michigan,C,72.88,298,8.88,32,,5.18,41,,,,,
2012,Quentin Saulsberry,Mississippi State,C,74.38,304,9.88,33.75,,5.28,26,22,90,4.99,8.19,
2012,Jason Slowey,Western Oregon,C,74.5,303,,,,5.06,28,27.5,110,4.87,7.72,
2011,Tim Barnes,Missouri,C,75.63,300,,,,5.17,26,31.5,103,4.42,7.19,
2011,Ryan Bartholomew,Syracuse,C,73.13,302,9.63,33.75,,4.93,34,26.5,92,4.62,7.62,
2011,Brandon Fusco,Slippery Rock (PA),C,76,306,10,33.75,,5.18,26,28.5,108,4.43,7.29,
2011,Rodney Hudson,Florida State,C,74.38,299,9.38,32.5,,5.27,27,25.5,95,4.96,8.03,
2011,Jason Kelce,Cincinnati,C,74.63,280,9.5,32.5,,4.89,,30.5,110,4.14,7.22,
2011,Jake Kirkpatrick,Texas Christian,C,73.88,300,,,,5.31,25,30.5,102,4.74,7.69,
2011,Alex Linnenkohl,Oregon State,C,73.75,304,9.25,31.38,,5.36,24,26.5,89,4.62,7.67,
2011,Kris O'Dowd,Southern California,C,76.13,304,9.5,32.5,,5.12,31,32.5,105,4.59,7.67,
2011,Zane Taylor,Utah,C,74.5,309,10.25,33,,5.52,33,25.5,104,4.77,8.15,
2011,Zach Williams,Washington State,C,75,309,9.5,33.25,,5.18,28,30,103,4.62,7.54,
2011,Zack Williams,Maryland,C,75,309,9.5,33.25,,5.27,28,30,103,4.62,7.54,
2011,Stefen Wisniewski,Penn State,C,75,313,10.38,33,,5.29,30,28.5,100,4.63,7.51,
2010,Jeff Byers,Southern California,C,75.38,301,9.5,33.13,,5.04,33,27,98,4.56,7.57,
2010,Erik Cook,New Mexico,C,78,318,9.75,33.875,,5.55,19,25,94,4.99,8.24,
2010,Joe Hawley,Nevada Las Vegas,C,75.25,297,10.63,33.13,,5.21,35,26,105,4.73,7.5,
2010,Ted Larsen,North Carolina State,C,74.63,304,9.75,32,,5.19,26,24,96,4.66,7.81,
2010,Kevin Matthews,Texas A&M,C,75.5,298,,,,5.32,28,29,99,4.82,7.65,
2010,Eric Olsen,Notre Dame,C,75.88,306,9.25,32.5,,5.25,35,29.5,93,4.82,7.5,
2010,Maurkice Pouncey,Florida,C,76.5,304,10,32.5,,5.25,25,27,95,4.92,7.74,
2010,Reggie Stephens,Iowa State,C,75,314,,,,5.4,31,25,98,4.98,7.94,
2010,Matt Tennant,Boston College,C,76.63,300,9.5,32.25,,5.15,27,25,98,4.62,7.6,
2010,J.D. Walton,Baylor,C,74.63,300,9.25,33.38,,5.19,24,27,101,4.69,7.6,
2024,Joe Alt,Notre Dame,OT,80.75,321,10,34.25,,5.05,,28,112,4.51,7.31,
2024,Graham Barton,Duke,OT,76.75,313,9.38,32.88,,,,,,,,
2024,Andrew Coker,Texas Christian,OT,78.75,315,9.5,34,,5.36,,25.5,94,4.93,7.95,
2024,Frank Crum,Wyoming,OT,79.88,313,10.5,33.88,,4.94,,31.5,114,4.73,7.39,
2024,Anim Dankwah,Howard (DC),OT,79.75,353,9.75,35.13,,,,27.5,,,,
2024,Ethan Driskell,Marshall (WV),OT,80.25,313,10.5,35.38,,,,,,,,
2024,Josiah Ezirim,Eastern Kentucky,OT,77.75,329,10.75,35.75,,,,,,,,
2024,Olumuyiwa Fashanu,Penn State,OT,78.13,312,8.5,34,,5.11,,32,109,,,
2024,Blake Fisher,Notre Dame,OT,77.63,310,10,34.38,,5.2,,28,,4.73,7.76,
2024,Jeremy Flax,Kentucky,OT,77.63,343,9,33.13,,5.64,,28,100,,,
2024,Javon Foster,Missouri,OT,77.63,313,9.63,34.63,,5.3,,32.5,106,,,
2024,Taliese Fuaga,Oregon State,OT,77.88,324,10.13,33.13,,5.13,,32,111,,,
2024,Delmar Glaze,Maryland,OT,76.25,315,10.25,34.88,,5.21,,25.5,104,,,
2024,Matt Goncalves,Pittsburgh,OT,77.88,327,9,33.25,,,,,,,,
2024,Tylan Grable,Central Florida,OT,77.75,306,10.13,33.63,,4.95,,36.5,117,,,
2024,Garret Greenfield,South Dakota State,OT,77.88,311,9.75,33.5,,5.22,,38.5,113,4.85,7.76,
2024,Tyler Guyton,Oklahoma,OT,79.75,322,10.25,34.13,,5.19,,34.5,107,4.71,7.5,
2024,Christian Jones,Texas,OT,77,305,10.63,34.5,,5.04,,,,4.78,8.09,
2024,JC Latham,Alabama,OT,77.75,342,11,35.13,,,,,,,,
2024,Amarius Mims,Georgia,OT,79.75,340,11.25,36.5,,5.07,,,,4.33,,
2024,Jordan Morgan,Arizona,OT,76.75,311,10.88,32.88,,5.04,,,,,,
2024,Patrick Paul,Houston,OT,79.63,331,9.38,36.25,,5.13,,,,,7.65,
2024,Julian Pearl,Illinois,OT,77.75,312,10.25,35.13,,,,,,,,
2024,Roger Rosengarten,Washington,OT,77.13,308,9.38,33.13,,4.92,,,,4.6,,
2024,Walter Rouse,Oklahoma,OT,77.5,313,10.13,35.13,,,,,,,,
2024,Kingsley Suamataia,Brigham Young,OT,76.75,326,10.63,34.25,,5.04,,,,,,
2024,Nathan Thomas,Louisiana-Lafayette,OT,76.75,332,10.75,33.75,,5.19,,,,,8.01,
2024,Caedan Wallace,Penn State,OT,76.75,314,10.75,34,,5.15,,,,,,
2024,Isaiah Adams,Illinois,OG,76,315,9,33.88,,5.22,,24.5,102,4.73,7.77,
2024,Kiran Amegadjie,Yale,OG,77,323,9.63,36.13,,,,,,,,
2024,Gottlieb Ayedze,Maryland,OG,75.75,308,9.88,33,,5.01,,26.5,112,,,
2024,Karsen Barnhart,Michigan,OG,76.63,306,9.88,33.38,,5.21,,,111,4.7,7.83,
2024,Cooper Beebe,Kansas State,OG,75.25,322,9.25,31.5,,5.03,,27.5,109,4.61,7.44,
2024,Keaton Bills,Utah,OG,76.63,321,10,32.5,,5.38,,29.5,101,4.9,7.95,
2024,Javion Cohen,Miami (FL),OG,76.38,324,9.88,34,,,,26.5,104,,,
2024,Brandon Coleman,Texas Christian,OG,76.63,313,10.75,34.63,,4.99,,34,114,,,
2024,Troy Fautanu,Washington,OG,76,317,9.5,34.5,,5.01,,32.5,113,,,
2024,XZauvea Gadlin,Liberty (VA),OG,74.88,322,10.25,33.25,,5.5,,24,96,4.97,8.26,
2024,C.J. Hanson,Holy Cross (MA),OG,76.63,300,9.38,32.38,,5,,33.5,115,,,
2024,Christian Haynes,Connecticut,OG,74.5,317,9,33.5,,5.03,,33,102,,,
2024,LaDarius Henderson,Michigan,OG,76.25,309,10.63,35,,,,,,,,
2024,Matthew Jones,Ohio State,OG,75.63,316,9,32.63,,5.21,,28,103,,8.19,
2024,Trente Jones,Michigan,OG,75.63,305,10.13,33,,5.17,,27,109,4.87,7.78,
2024,Trevor Keegan,Michigan,OG,77.38,310,10,32.38,,5.24,,30.5,107,,,
2024,Jarrett Kingston,Southern California,OG,75.5,306,9.75,32.13,,5.02,,,,4.47,7.53,
2024,Brady Latham,Arkansas,OG,77,304,9.5,32.75,,5.31,,,,4.47,7.57,
2024,Sataoa Laumea,Utah,OG,76.13,319,9.88,32.88,,,,,,,,
2024,KT Leveston,Kansas State,OG,75.63,326,9.88,34.38,,5.38,,,,4.89,,
2024,Christian Mahogany,Boston College,OG,74.5,314,10.5,33.5,,5.13,,,,4.53,7.81,
2024,Mason McCormick,South Dakota State,OG,76,309,10,33.88,,5.08,,,,,7.59,
2024,Prince Pines,Tulane (LA),OG,76.63,322,9.13,32.88,,5.34,,,,,,
2024,Dominick Puni,Kansas,OG,76.75,313,10.13,33.38,,5.35,,,,4.4,7.47,
2024,Layden Robinson,Texas A&M,OG,75.63,302,10.5,34.63,,,,,,,,
2024,Zak Zinter,Michigan,OG,77.75,309,9.38,33.5,,,,,,,,
2024,Tanor Bortolini,Wisconsin,C,75.88,303,10,31.5,,4.94,,32.5,112,4.28,7.16,
2024,Kingsley Eguakun,Florida,C,75.63,304,10.13,32.5,,,,,,,,
2024,Zach Frazier,West Virginia,C,74.63,313,10.88,32.25,,,,,,,,
2024,Nick Gargiulo,South Carolina,C,77.13,318,10.38,33.88,,5.25,,32.5,101,,7.33,
2024,Matt Lee,Miami (FL),C,75.75,301,9.25,32.13,,5.03,,,,,,
2024,Beaux Limmer,Arkansas,C,76.5,302,9.5,31.88,,5.22,,,,4.57,7.47,
2024,Dylan McMahon,North Carolina State,C,74.88,299,9.38,31.75,,5.1,,,,4.45,7.26,
2024,Jacob Monk,Duke,C,74.63,308,10,32.38,,5.09,,,,,,
2024,Hunter Nourzad,Penn State,C,74.75,317,10.75,33.13,,,,,,,,
2024,Drake Nugent,Michigan,C,73.63,298,9,33,,5.23,,,,4.5,7.33,
2024,Jackson Powers-Johnson,Oregon,C,75.25,328,9.88,32.25,,,,,,,,
2024,Andrew Raym,Oklahoma,C,75.75,314,10,32.5,,5.42,,,,,,
2024,Nick Samac,Michigan State,C,76,307,9.75,32.75,,,,,,,,
2024,Jalen Sundell,North Dakota State,C,76.5,300,9.5,33.13,,,,,,,,
2024,Charles Turner,Louisiana State,C,75.75,303,9.38,34,,,,,,4.62,7.88,
2024,Sedrick Van Pran,Georgia,C,75.75,298,9.5,31.38,,5.2,,,,4.82,7.46,
2009,Will Beatty,Texas Tech,OT,78,307,10,34.75,,5.12,27,33.5,107,4.77,7.62,
2009,William Beatty,Connecticut,OT,78,307,,,,5.06,27,33.5,107,4.77,7.62,
2009,Joel Bell,Furman (SC),OT,78.75,315,10.38,34,,5.11,27,30,109,4.57,7.55,
2009,Alex Boone,Ohio State,OT,79.25,328,9.88,34.375,,5.16,33,27.5,103,4.69,7.83,
2009,Robert Brewster,Ball State (IN),OT,76.13,325,9.25,34,,5.29,23,30.5,98,4.75,7.68,
2009,Eben Britton,Arizona,OT,78,309,10.25,32.75,31,5.14,24,28.5,100,4.91,7.87,
2009,Colin Brown,Missouri,OT,78.75,335,,,,5.38,23,27.5,100,4.83,7.82,
2009,Patrick Brown,Central Florida,OT,77.13,292,,,,,,,,,,
2009,Gerald Cadogan,Penn State,OT,77.13,309,9.5,35,,4.99,26,25,95,4.8,8.05,
2009,Ramon Foster,Tennessee,OT,77.13,328,10,34.5,,5.57,20,26,92,4.98,7.96,
2009,Xavier Fulton,Illinois,OT,76.25,302,10.13,33.5,,5.01,27,31,111,4.56,7.35,
2009,Andrew Gardner,Georgia Tech,OT,78.75,304,10,34.5,,4.96,,30.5,107,4.7,7.51,
2009,Troy Kropog,Tulane (LA),OT,77.38,309,10.13,33.5,,5.3,21,30,100,4.84,7.65,
2009,Cornelius Lewis,Tennessee State,OT,75.5,332,9.63,33.5,,5.22,29,24.5,90,4.95,7.96,
2009,Kyle Link,McNeese State (LA),OT,77.38,305,10,32,,5.48,19,27.5,95,4.84,7.7,
2009,Phil Loadholt,Oklahoma,OT,79.75,332,10,36.5,,5.49,24,29,95,5.06,8.18,
2009,Ryan McKee,Southern Mississippi,OT,78.38,296,10.25,33.5,,5.03,,31,,4.67,7.5,
2009,Jamon Meredith,South Carolina,OT,76.63,304,10,34.5,,4.99,31,28,105,4.82,8.01,
2009,Eugene Monroe,Virginia,OT,77.25,309,11.13,33.875,24,5.18,23,28.5,110,4.78,7.86,
2009,Lydon Murtha,Nebraska,OT,79,306,10.13,33.875,,4.82,25,35,110,4.34,7.06,
2009,Michael Oher,Mississippi,OT,76.5,309,10.38,33.5,19,5.34,21,30.5,103,4.6,7.81,
2009,Augustus Parrish,Kent State (OH),OT,76,303,9.5,35,,5.35,21,23.5,78,4.86,7.61,
2009,Garrett Reynolds,North Carolina,OT,79.63,309,9.75,34.5,,5.4,19,22,94,4.88,7.87,
2009,Andre Smith,Alabama,OT,76,332,9.75,35.375,,5.28,19,25,94,4.93,7.88,
2009,Jason Smith,Baylor,OT,77,309,9.75,33.75,23,5.09,33,24,96,4.69,7.53,
2009,Fenuki Tupou,Oregon,OT,77.38,314,8.75,34,,5.4,24,25.5,94,5.02,8.33,
2009,Jose Valdez,Arkansas,OT,76.38,315,9.75,34,,5.23,15,29.5,100,4.93,7.93,
2009,Sebastian Vollmer,Houston,OT,79.63,312,,,,5.13,32,36.5,111,4.5,7.51,
2009,Jason Watkins,Florida,OT,78,318,,,,5.51,18,24.5,90,5.03,7.89,
2009,Roger Allen,Missouri Western,OG,74.75,326,10,34.75,,5.25,38,26.5,93,4.8,8.3,
2009,Travis Bright,Brigham Young,OG,76.25,321,10,33.875,,5.26,34,35.5,108,4.72,7.75,
2009,George Bussey,Louisville,OG,75.25,306,,,,,,,,,,
2009,Trevor Canfield,Cincinnati,OG,76.5,307,9.25,32,,5.3,29,32,109,4.83,7.78,
2009,C.J. Davis,Pittsburgh,OG,74,308,9.25,32.75,,5.51,21,25.5,88,4.93,8.09,
2009,Ryan Durand,Syracuse,OG,76.75,305,,,,5.1,28,27,108,4.66,7.4,
2009,Paul Fanaika,Arizona State,OG,77.13,327,10.88,35,,5.48,15,24.5,98,4.92,8.06,
2009,Ray Feinga,Brigham Young,OG,76.13,337,,,,5.32,30,,,,,
2009,Juan Garcia,Washington,OG,74.25,307,9.88,33,,5.42,34,25,93,4.87,8,
2009,Dan Gay,Baylor,OG,75.88,308,10.5,33.5,,5.5,18,22.5,86,5.42,8.67,
2009,Tyronne Green,Auburn,OG,73.75,309,10.25,33.75,,5.4,22,28.5,102,4.8,8.12,
2009,Greg Isdaner,West Virginia,OG,75.5,325,9.75,32.5,,5.42,24,27,92,5.07,7.96,
2009,Herman Johnson,Louisiana State,OG,79.25,356,11.38,36.5,,5.5,21,26.5,94,5.01,8.58,
2009,Andy Kemp,Wisconsin,OG,76.75,313,10.5,34.5,,5.48,23,25.5,91,4.86,7.86,
2009,T.J. Lang,Eastern Michigan,OG,76,316,,,,5.15,30,26.5,,4.42,,
2009,Andy Levitre,Oregon State,OG,74.63,305,9.5,32.5,,5.33,23,30.5,103,4.52,7.67,
2009,Lance Louis,San Diego State,OG,74.38,303,,,,4.76,30,30,104,4.71,8.03,
2009,Maurice Miller,Mississippi,OG,75.13,327,10.5,34.25,,5.54,21,28.5,97,5.03,8.42,
2009,Rich Ohrnberger,Penn State,OG,74.25,297,,,,,,,,,,
2009,Seth Olsen,Iowa,OG,76.63,306,9.5,33.125,,5.23,23,24.5,90,4.7,7.59,
2009,Anthony Parker,Tennessee,OG,73.88,297,10,34.125,,5.08,24,26,99,4.8,7.9,
2009,Duke Robinson,Oklahoma,OG,77,329,10.63,34.75,,5.32,20,31.5,99,4.9,8.09,
2009,Matt Slauson,Nebraska,OG,76.88,316,10.5,33.125,,5.26,23,34,110,4.86,7.86,
2009,Jaimie Thomas,Maryland,OG,76,323,9.5,35,,5.29,20,28,96,4.67,7.99,
2009,Kraig Urbik,Wisconsin,OG,77.13,328,10.25,33.75,,5.37,29,24,94,4.89,7.87,
2009,Louis Vasquez,Texas Tech,OG,76.75,333,10.38,34.75,,5.22,39,30.5,103,4.94,7.66,
2009,Brandon Walker,Oklahoma,OG,74.63,306,10.25,34.5,,5.09,26,34,109,5.07,8.2,
2009,Rob Bruggeman,Iowa,C,76,293,9.25,30.75,,5.05,30,33,104,4.69,7.69,
2009,Antoine Caldwell,Alabama,C,75.25,309,10.5,34,,5.24,23,28,111,5.04,7.96,
2009,Jon Cooper,Oklahoma,C,73.88,291,9,31.25,,5.09,31,29.5,105,4.6,7.46,
2009,Robby Felix,Texas-El Paso,C,75.25,302,9.5,32.375,,5.2,33,29,97,4.73,7.96,
2009,Alex Fletcher,Stanford,C,74.25,297,10.25,32.5,,5.39,30,28,96,4.65,7.78,
2009,Brett Helms,Louisiana State,C,74,286,9,31.75,,5.36,25,,88,4.78,7.93,
2009,Jonathan Luigs,Arkansas,C,75.63,301,9.25,31.5,,5.14,26,31,99,4.79,7.69,
2009,Alex Mack,California,C,75.88,311,10.75,33,,5.17,20,28.5,106,4.75,7.31,
2009,Blake Schlueter,Texas Christian,C,74.38,290,,,,4.79,28,35,111,4.28,7.42,
2009,A.Q. Shipley,Penn State,C,73.13,304,8.5,29.75,,5.19,33,31,100,4.4,7.46,
2009,Max Unger,Oregon,C,76.63,309,9.25,32.5,,5.26,22,24.5,93,4.5,7.39,
2009,Edwin Williams,Maryland,C,74.25,308,9.5,34.5,,5.4,22,28.5,99,4.98,8.15,
2009,Eric Wood,Louisville,C,75.88,310,10.38,33.75,,5.19,30,30.5,99,4.51,7.56,
2008,Marcus Coleman,Wisconsin,C,77.25,306,,,,,,,,,,
2008,Steve Justice,Wake Forest,C,75.38,293,9.5,32.25,,5.27,23,21,98,4.58,7.4,
2008,Doug Legursky,Marshall (WV),C,75,312,,,,,36,,,,,
2008,Kory Lichtensteiger,Bowling Green (OH),C,74.25,298,9.5,32,,5.28,,23,104,4.56,7.6,
2008,Mike Pollak,Arizona State,C,75.5,301,9.25,31.75,,5.05,29,25,110,4.47,7.49,
2008,Jamey Richard,Buffalo,C,76.75,295,9.75,33,,5.27,22,26.5,107,4.69,7.58,
2008,Matt Spanos,Southern California,C,77,317,9.75,34.5,,5.53,20,22.5,104,4.92,7.9,
2008,John Sullivan,Notre Dame,C,75.5,301,10,31.5,,5.4,21,30,103,4.55,7.62,
2008,Cody Wallace,Texas A&M,C,76.3,296,9,33.25,,5.32,26,30.5,113,4.55,7.45,
2008,Chester Adams,Georgia,OG,76,331,,,,,,,,,,
2008,Branden Albert,Virginia,OG,77.63,309,10.5,35.5,,5.21,23,26,111,4.78,7.97,
2008,Mackenzy Bernadeau,Bentley,OG,75.63,298,,,,5.25,26,28.5,109,4.56,7.47,
2008,James Blair,Western Michigan,OG,75,323,10.38,34.5,,5.31,28,23.5,103,5.33,8.44,
2008,Justin Britt,Alabama,OG,76,286,,,,,,,,,,
2008,Andrew Crummey,Maryland,OG,76.63,299,,,,,28,,,,,
2008,Robert Felton,Arkansas,OG,75.63,315,10.38,35.13,,5.55,22,23,98,4.84,8.08,
2008,Mike Gibson,California,OG,75.5,305,9.75,33.75,,5.3,31,27,110,4.64,7.21,
2008,Mike McGlynn,Pittsburgh,OG,76.25,311,9.5,33.25,,5.41,30,23,101,4.72,7.58,
2008,Shawn Murphy,Utah State,OG,75.88,320,9.63,33,,5.4,29,21.5,100,4.89,7.74,
2008,Chilo Rachal,Southern California,OG,77,315,10.38,34,,5.26,28,25.5,108,5.14,8.01,
2008,Drew Radovich,Southern California,OG,76.5,301,9.88,34.25,,5.38,21,23,108,4.53,7.47,
2008,Chad Rinehart,Northern Iowa,OG,77,320,9.63,33.63,,5.51,26,28.5,106,4.56,7.84,
2008,Roy Schuening,Oregon State,OG,75.63,306,9.5,33.25,,5.32,26,25,,4.54,7.57,
2008,Donald Thomas,Connecticut,OG,75.38,303,9,34.13,,5.08,28,24.5,100,4.78,7.45,
2008,Eric Young,Tennessee,OG,75.63,310,,,,,,,,,,
2008,Sam Baker,Southern California,OT,76.63,309,,,,5.5,28,28.5,108,4.92,8.02,
2008,Kirk Barton,Ohio State,OT,76.38,310,,,,5.01,34,31.5,100,4.59,7.67,
2008,Demetress Bell,Northwestern State (LA),OT,77,303,10.25,35.25,,5.31,9,26.5,109,4.65,7.65,
2008,Duane Brown,Virginia Tech,OT,76.13,315,10,34.25,,5.09,24,27.5,105,4.52,7.58,
2008,Gosder Cherilus,Boston College,OT,78.38,314,11.75,36.25,,5.19,24,23,102,4.82,7.6,
2008,Ryan Clady,Boise State,OT,78.13,309,,,,5.18,24,31,108,4.73,7.07,
2008,Corey Clark,Texas A&M,OT,77.38,315,10.13,33,,5.35,23,23,106,4.68,7.47,
2008,Devin Clark,New Mexico,OT,75.63,305,9,33.75,,5.36,25,21,94,5.03,8.38,
2008,Thaddeus Coleman,Mississippi Valley State,OT,79.75,308,,,,,,,,,,
2008,Anthony Collins,Kansas,OT,77,317,10.13,35,,5.59,26,22.5,97,4.87,7.71,
2008,Oniel Cousins,Texas-El Paso,OT,75.75,308,9.63,35.38,,5.18,23,24.5,107,4.8,7.9,
2008,Franklin Dunbar,Middle Tennessee State,OT,76.75,327,9.63,36.75,,5.63,27,24.5,101,5.18,8.36,
2008,King Dunlap,Auburn,OT,80.5,310,10,35.5,,5.29,21,30,,5.12,8.05,
2008,Nate Garner,Arkansas,OT,78.13,334,,,,,,,,,,
2008,Breno Giacomini,Louisville,OT,79.13,303,10.13,33.25,,5.24,23,22.5,108,4.63,7.56,
2008,John Greco,Toledo,OT,76.75,305,10,32,,5.35,30,26,108,4.82,8.03,
2008,David Hale,Weber State (UT),OT,77.75,314,10,34,,5.3,25,26,100,4.75,7.69,
2008,Brandon Keith,Northern Iowa,OT,77.25,343,10,36.25,,5.28,31,26,113,4.84,7.91,
2008,Jake Long,Michigan,OT,79,313,11,35.75,,5.26,37,27.5,102,4.73,7.44,
2008,Carl Nicks,Nebraska,OT,76.88,341,10,34.75,,5.26,31,25.5,109,4.68,7.91,
2008,Jeff Otah,Pittsburgh,OT,78,322,9.25,35.38,,5.57,27,22.5,102,,,
2008,Tyler Polumbus,Colorado,OT,79.5,312,9.38,32,,5.35,24,26,112,4.86,7.71,
2008,Barry Richardson,Clemson,OT,78.63,320,10.5,35.25,,5.49,24,25.5,100,5.16,8,
2008,William Robinson,San Diego State,OT,77,297,10.63,34.13,,5.27,22,19.5,110,4.69,7.32,
2008,Geoff Schwartz,Oregon,OT,78.25,332,11,33.25,,5.39,,20.5,98,4.79,7.9,
2008,Josh Sitton,Central Florida,OT,75.63,319,,,,5.2,28,,108,4.5,7.55,
2008,Chris Williams,Vanderbilt,OT,78,315,10,33.5,,5.15,21,25,103,4.85,7.95,
2008,Jeremy Zuttah,Rutgers,OT,75.38,303,9.5,33.5,,5.07,35,26.5,107,4.54,7.59,
2007,Allen Barbre,Missouri Southern,OT,76,300,10.5,33.5,,4.88,28,32,105,4.63,7.4,
2007,Aaron Brant,Iowa State,OT,78.88,313,,,,5.31,20,29.5,109,4.96,7.87,
2007,Levi Brown,Penn State,OT,77.5,323,9.5,34.38,,5.42,31,25.5,97,4.89,7.87,
2007,Andrew Carnahan,Arizona State,OT,79.13,306,,,,,22,,,,,
2007,Chris Denman,Frenso State (CA),OT,78.5,315,9.5,33.5,,5.65,21,27.5,97,4.92,8.1,
2007,Tala Esera,Hawaii,OT,75.25,312,,,,,,,,,,
2007,Doug Free,Northern Illinois,OT,78.25,324,10.63,35.63,,5.21,22,30,111,4.53,7.38,
2007,Brandon Frye,Virginia Tech,OT,76.13,301,9.5,33,,5.1,34,32.5,103,4.4,7.5,
2007,Gabe Hall,Texas Tech,OT,75.88,313,9.25,33.75,,4.92,22,29,104,4.68,7.59,
2007,Ryan Harris,Notre Dame,OT,76.5,305,9.38,34.25,,5.11,22,25.5,100,4.52,7.78,
2007,Mario Henderson,Florida State,OT,78.5,302,10.5,35.25,,5.12,20,28.5,109,4.87,7.6,
2007,Stephon Heyer,Maryland,OT,78.38,334,10.75,36.38,,5.62,30,,94,,,
2007,Corey Hilliard,Oklahoma State,OT,77.25,308,10.5,34.88,,5.34,28,27,106,4.65,7.45,
2007,Chase Johnson,Wyoming,OT,80.5,330,10,34.25,,5.46,,27,91,4.7,8.15,
2007,Adam Koets,Oregon State,OT,77.13,298,10.13,33.25,,5.09,20,32,106,4.47,7.44,
2007,James Marten,Boston College,OT,79.5,309,9.25,34.75,,5.09,,30.5,100,4.54,7.68,
2007,Clint Oldenburg,Colorado State,OT,77.13,300,,,,5.26,,30,101,4.74,8.19,
2007,Mike Otto,Purdue,OT,77.5,308,9.63,32.5,,5.24,20,26.5,105,4.67,7.62,
2007,Jonathan Palmer,Auburn,OT,76.13,326,,,,5.25,,25,98,4.87,8.07,
2007,Ken Shackleford,Georgia,OT,76.88,322,,,,5.3,28,24.5,102,5.05,8.35,
2007,Joe Staley,Central Michigan,OT,77.88,306,10.5,34.25,,4.78,27,32,112,4.4,7.09,
2007,Herb Taylor,Texas Christian,OT,75.88,296,9.88,33,,5.22,26,27,100,4.64,7.78,
2007,Joe Thomas,Wisconsin,OT,78.63,311,10.13,33.75,,4.94,28,33,110,4.88,7.95,
2007,Tony Ugoh,Arkansas,OT,77.25,301,10.5,36,,5.08,32,32.5,117,,,
2007,Dane Uperesa,Hawaii,OT,76.38,309,10.25,34.25,,5.28,28,33,114,4.58,7.66,
2007,Elliot Vallejo,UC-Davis,OT,79,327,10,35,,5.42,24,26,94,5.14,7.95,
2007,Steve Vallos,Wake Forest,OT,74.88,305,,,,5.12,32,26,106,4.61,7.73,
2007,Kyle Williams,Southern California,OT,77.88,305,,,,5.46,27,26,94,4.9,8.17,
2007,Julius Wilson,Alabama-Birmingham,OT,76.38,327,9.25,34.13,,5.46,17,27,103,5,8.33,
2007,Marshal Yanda,Florida State,OT,75.88,307,,,,5.15,23,27,101,4.58,7.36,
2007,Andy Alleman,Akron,OG,76,305,9.5,31.25,,5.08,27,30,106,4.65,7.8,
2007,Josh Beekman,Boston College,OG,73.63,313,9.5,32.5,,5.4,24,25.5,93,4.81,8.24,
2007,Nate Bennett,Michigan State,OG,76.38,316,,,,5.68,34,26.5,90,5.04,8.15,
2007,Nathan Bennett,Clemson,OG,76.38,316,9.63,33.88,,5.69,34,26.5,90,5.04,8.15,
2007,Stephen Berg,Arizona State,OG,76.88,330,,,,,19,,,,,
2007,Justin Blalock,Texas,OG,75.25,320,,,,5.1,40,28.5,101,4.72,7.75,
2007,Jermon Bushrod,Towson (MD),OG,76.63,315,,,,4.92,22,30.5,102,4.72,,
2007,T.J. Downing,Ohio State,OG,76.63,298,,,,5.19,31,28.5,108,4.63,7.81,
2007,Tim Duckworth,Auburn,OG,75,306,9.5,33,,5.44,20,25,94,4.78,8.26,
2007,Ben Grubbs,Auburn,OG,74.75,311,10.25,33.5,,5.21,29,26.5,103,4.72,7.99,
2007,Mike Jones,Iowa,OG,77,309,10.38,33.38,,5.46,28,25.5,98,4.88,7.8,
2007,Palauni Ma Sun,Oregon,OG,77.13,319,10.25,33.75,,5.89,22,24.5,91,5.01,8.7,
2007,Uche Nwaneri,Purdue,OG,75.13,325,10,34.13,,5.42,24,,,,,
2007,Manuel Ramirez,Texas Tech,OG,75,326,10.38,32.75,,5.24,40,,,,,
2007,Dan Santucci,Notre Dame,OG,75.5,301,9.88,32.75,,5.16,23,29,102,4.74,7.47,
2007,Arron Sears,Tennessee,OG,75.25,319,,,,5.09,21,30.5,103,4.5,7.63,
2007,Cameron Stephenson,Rutgers,OG,75.25,306,9.5,32.5,,5.44,34,28.5,101,4.81,7.72,
2007,Kasey Studdard,Texas,OG,74.5,303,9.25,31,,5.22,32,,,,,
2007,Mansfield Wrotto,Georgia Tech,OG,75,317,10,33.5,,5.41,27,,92,4.92,8.34,
2007,Kyle Cook,Michigan State,C,75.63,291,,,,5.28,40,28,101,4.51,7.56,
2007,Doug Datish,Ohio State,C,76.13,302,9,33.25,,5.15,31,26,102,4.65,7.51,
2007,Mike Elgin,Iowa,C,75.13,291,,,,5.16,22,27.5,107,4.39,7.1,
2007,Dustin Fry,Clemson,C,74.63,314,9.75,33.13,,5.41,34,,,,,
2007,Leroy Harris,North Carolina State,C,74.5,302,10.25,33.5,,5.36,29,24.5,96,4.8,8,
2007,Ryan Kalil,Southern California,C,74.75,299,10,31.5,,4.98,34,26,104,4.34,7.5,
2007,Enoka Lucas,Oregon,C,74.63,303,9.5,32.75,,5.55,34,27.5,104,4.84,8.1,
2007,Drew Mormino,Central Michigan,C,75.25,299,9.25,33.63,,5.33,27,28,105,4.53,7.48,
2007,Dan Mozes,West Virginia,C,74.63,293,9.75,32.75,,5.4,28,25.5,101,4.84,7.98,
2007,Samson Satele,Hawaii,C,74.63,300,9.88,30.88,,5.26,25,33,101,4.29,7.47,
2007,Scott Stephenson,Iowa State,C,75.25,297,10.25,33,,5.23,21,29.5,99,4.57,7.62,