Draft Class,Name,School,Position,Height,Weight,Hand Size,Arm Length,Wonderlic,40 Yard Dash,Bench Press,Vertical,Broad Jump,Shuttle,3 Cone,60Yd Shuttle,Rec,Yds,Avg,TD,YP,Games Played
2024,Javon Baker,Central Florida,WR,73.38,202,9.63,32.25,,4.54,,37,121,,,,117,2051,17.5,13,4,46
2024,Jermaine Burton,Alabama,WR,72.25,196,9.88,31,,4.45,,38.5,133,,,,132,2376,18,23,4,50
2024,Jalen Coker,Holy Cross (MA),WR,73.25,208,9.88,32.5,,4.57,,42.5,128,,,,164,2715,16.6,31,4,39
2024,Keon Coleman,Florida State,WR,74.63,213,9,32,,4.61,,38,127,,,,115,1506,13.1,19,3,34
2024,Malachi Corley,Western Kentucky,WR,70.63,215,9.13,32.13,,,,,,,,,259,3035,11.7,29,4,49
2024,Jacob Cowing,Arizona,WR,68.38,168,9,29.25,,4.38,,36,119,4.32,7.02,,316,4477,14.2,33,5,58
2024,Ryan Flournoy,Southeast Missouri State,WR,73.13,202,10.13,31.63,,4.44,19,39.5,132,,,,118,1823,15.4,13,2,22
2024,Troy Franklin,Oregon,WR,74.25,176,8.75,31.88,,4.41,,39,124,4.31,6.9,,160,2483,45.5,25,3,40
2024,Anthony Gould,Oregon State,WR,68,174,8.88,29.63,,4.39,,39.5,129,4.16,,,84,1360,16.2,6,4,38
2024,Lideatrick Griffin,Mississippi State,WR,69.88,181,9.13,30.63,,4.43,,35.5,124,4.35,7,,126,1490,11.8,9,4,44
2024,Marvin Harrison,Ohio State,WR,75.25,209,9.5,31.88,,,,,,,,,155,2613,16.9,31,3,38
2024,JhaQuan Jackson,Tulane (LA),WR,69,188,8.88,30.88,,4.42,12,32,118,,,,109,1743,16,17,5,56
2024,Cornelius Johnson,Michigan,WR,75.13,212,8.63,31.88,,4.44,,37.5,127,,,,138,2038,14.8,14,5,61
2024,Xavier Legette,South Carolina,WR,73,221,9,31.88,,4.39,,40,126,,,,113,1678,14.8,12,5,53
2024,Luke McCaffrey,Rice (TX),WR,73.75,198,9.63,30.13,,4.46,,36,121,4.02,6.7,,131,1732,13.2,19,5,44
2024,Ladd McConkey,Georgia,WR,71.5,186,8.63,30.25,,4.39,13,36,124,,,,119,1687,14.2,14,3,39
2024,Jalen McMillan,Washington,WR,72.63,197,10,32.13,,4.47,,37,127,4.18,6.94,,164,2143,13.1,17,4,38
2024,Bub Means,Pittsburgh,WR,72.75,212,10.13,33.25,,4.43,19,39.5,122,,,,90,1552,17.2,10,3,36
2024,Adonai Mitchell,Texas,WR,74.13,205,9,32.38,,4.34,,39.5,136,,,,93,1405,15.1,18,3,35
2024,Malik Nabers,Louisiana State,WR,71.75,200,,,,,,,,,,,189,3003,15.9,21,3,38
2024,Rome Odunze,Washington,WR,74.75,212,9.25,32.25,,4.45,,39,124,4.03,6.88,,214,3272,15.3,24,4,40
2024,Ricky Pearsall,Florida,WR,72.88,189,9.25,30.88,,4.41,17,42,129,4.05,6.64,,159,2420,15.2,14,5,55
2024,JaLynn Polk,Washington,WR,73,203,9.75,31.75,,4.52,,37.5,129,,,,143,2231,16.6,18,4,41
2024,Brenden Rice,Southern California,WR,74.13,208,9.63,33,,4.5,13,36.5,119,,,,111,1821,16.4,21,4,43
2024,Tayvion Robinson,Kentucky,WR,70.63,191,9.25,31,,,,,,,,,194,2604,13.4,16,5,60
2024,Marcus Rosemy-Jacksaint,Georgia,WR,73,195,10,33,,,,35,119,,,,74,1028,13.9,7,4,47
2024,Ainias Smith,Texas A&M,WR,69.25,190,8.5,29,,,21,,,,,,180,2407,13.4,19,5,50
2024,Brian Thomas,Louisiana State,WR,75.25,209,9.75,32.75,,4.33,11,38.5,126,,,,127,1897,14.9,24,3,38
2024,Jamari Thrash,Louisville,WR,71.75,188,8.63,31,,4.46,,34,120,,7.16,,167,2610,15.6,18,5,49
2024,Devaughn Vele,Utah,WR,76.25,203,9.75,33.5,,4.47,,36,126,,,,123,1689,13.7,9,5,44
2024,Devontez Walker,North Carolina,WR,73.63,193,9.13,33.25,,4.36,,40.5,134,,,,104,1744,16.8,19,3,28
2024,Malik Washington,Virginia,WR,68.63,191,9.25,30.38,,4.47,19,42.5,126,,,,230,2774,12.1,12,5,52
2024,Tahj Washington,Southern California,WR,69.88,174,8.38,29.13,,,,35,122,,,,209,3224,15.4,21,5,54
2024,Xavier Weaver,Colorado,WR,72.25,169,8.88,31.13,,,,,,,,,184,2643,14.4,12,5,50
2024,Jordan Whittington,Texas,WR,72.63,205,10,30.38,,,18,,,,,,141,1757,12.5,5,5,41
2024,Isaiah Williams,Illinois,WR,68.88,182,9.13,30.13,,4.63,17,38,123,,6.75,,214,2304,10.8,14,5,47
2024,Johnny Wilson,Florida State,WR,78.13,231,10,35.38,,4.52,,37,128,4.11,,,102,1757,17.2,8,4,31
2024,Roman Wilson,Michigan,WR,70.5,185,9.75,30.38,,4.39,12,,,,,,107,1707,16,20,4,46
2024,Xavier Worthy,Texas,WR,71.25,165,8.75,31.13,,4.21,,41,131,,,,197,2755,14,26,3,39
2023,Jordan Addison,Southern California,WR,71.13,173,8.75,30.88,,4.49,,34,122,4.23,7.16,,219,3134,14.3,29,3,35
2023,Ronnie Bell,Michigan,WR,71.63,191,9.5,31,,4.54,14,38.5,120,4.15,6.98,,145,2269,15.6,9,5,42
2023,Kayshon Boutte,Louisiana State,WR,71.25,195,9.5,31.38,,4.5,,29,118,4.25,,,131,1782,13.6,16,3,28
2023,Jalen Brooks,South Carolina,WR,73,200,9.5,34.13,,4.69,14,35,130,4.31,7.15,,58,785,13.5,2,3,24
2023,Jason Brownlee,Southern Mississippi,WR,74,198,9.75,33.75,,4.59,16,39.5,131,4.36,7.02,,,,,,,
2023,Jacob Copeland,Maryland,WR,71.25,201,8.63,31.63,,4.42,20,33,127,4.47,7.01,,112,1742,15.6,11,5,51
2023,Derius Davis,Texas Christian,WR,68.38,165,8,29.25,,4.36,,,,4.38,,,112,1513,13.5,9,5,52
2023,Nathaniel Dell,Houston,WR,68.38,165,8.63,30.5,,4.49,,,121,,,,228,3155,13.8,32,3,35
2023,Dontay Demus,Maryland,WR,75.13,212,9.75,34.25,,4.57,,35.5,123,4.39,,,128,2008,15.7,14,5,42
2023,Demario Douglas,Liberty (VA),WR,68.25,179,8.75,30.25,,4.44,11,39.5,134,4.29,7.16,,172,2193,12.8,16,4,40
2023,Josh Downs,North Carolina,WR,68.75,171,9.25,30.38,,4.48,,38.5,131,4.19,6.86,,202,2483,12.3,22,3,34
2023,Grant DuBose,North Carolina Charlotte,WR,74.38,201,9.5,31.88,,4.57,,35,125,4.32,6.89,,126,1684,13.4,15,2,24
2023,Zay Flowers,Boston College,WR,69.25,182,9.25,29.25,,4.42,,35.5,127,,,,200,3056,15.3,29,4,48
2023,Bryce Ford-Wheaton,West Virginia,WR,75.75,221,9.38,33.5,,4.38,,41,129,4.15,6.97,,143,1867,13.1,15,4,40
2023,Antoine Green,North Carolina,WR,73.75,199,9,32.13,,4.47,,33.5,123,4.27,6.99,,90,1710,19,15,5,45
2023,Jadon Haselwood,Arkansas,WR,74.25,215,10,31.25,,4.66,,37,123,4.31,6.98,,121,1440,11.9,10,4,40
2023,Malik Heath,Mississippi,WR,74.38,213,9.13,32.5,,4.64,,34,124,4.46,6.96,,131,1720,13.1,13,3,34
2023,Elijah Higgins,Stanford,WR,75,239,10.5,31.75,,4.54,16,35,126,4.54,7.01,,119,1380,11.6,6,4,28
2023,Xavier Hutchinson,Iowa State,WR,73.88,203,9.38,31.38,,4.53,12,36,116,4.35,6.91,,254,2929,11.5,15,3,37
2023,Jalin Hyatt,Tennessee,WR,72.13,184,9,32.5,,4.4,,40,135,4.37,7.17,,108,1769,16.4,19,3,35
2023,Andrei Iosivas,Princeton,WR,75.13,205,8.75,32,,4.43,19,39,128,4.12,6.85,,,,,,,
2023,Kearis Jackson,Georgia,WR,71.38,196,9.38,31.25,,4.55,,,126,,,,78,1107,14.2,4,5,53
2023,Rakim Jarrett,Maryland,WR,71.88,192,9.38,31.38,,4.44,13,35.5,123,,,,119,1552,13,10,3,28
2023,Michael Jefferson,Louisiana-Lafayette,WR,75.75,199,9.63,32.5,,4.56,16,37,133,4.56,7.03,,69,1291,18.7,11,2,26
2023,Jaray Jenkins,Louisiana State,WR,73.63,204,10,31.75,,4.6,20,29.5,,,,,89,1370,15.4,14,4,43
2023,C.J. Johnson,East Carolina (NC),WR,73.5,224,10.25,32,,,,,,,,,175,2849,16.3,21,4,46
2023,Quentin Johnston,Texas Christian,WR,74.75,208,9.63,33.63,,,,40.5,134,,,,115,2190,19,14,3,30
2023,Charlie Jones,Purdue,WR,71.38,176,9,31.63,,4.43,13,36.5,124,4.19,6.95,,149,2079,14,18,4,47
2023,Malik Knowles,Kansas State,WR,74.25,196,8.75,32.25,,,,,,,,,127,1867,14.7,14,5,50
2023,Matt Landers,Arkansas,WR,76.38,200,9.25,32.5,,4.37,,37,130,,,,79,1547,19.6,14,4,46
2023,Marvin Mims,Oklahoma,WR,70.88,183,9,31.63,,4.38,,39.5,129,,6.9,,123,2398,19.5,20,3,37
2023,Jonathan Mingo,Mississippi,WR,73.75,220,10.38,32.13,,4.46,22,39.5,129,,,,112,1758,15.7,12,4,41
2023,Jalen Moreno-Cropper,Frenso State (CA),WR,71.13,172,8.88,30.13,,4.4,,,121,,,,,,,,,
2023,Puka Nacua,Brigham Young,WR,73.63,210,9.5,31.5,,4.61,14,31.5,118,4.4,7.43,,107,1749,16.3,14,4,32
2023,Joseph Ngata,Clemson,WR,75.13,223,10.25,33.13,,4.54,14,34.5,124,4.26,7.4,,88,1287,14.6,6,4,45
2023,Trey Palmer,Nebraska,WR,72.25,192,9.63,31.88,,4.33,,28,111,4.3,7.24,,112,1501,13.4,12,4,40
2023,A.T. Perry,Wake Forest,WR,75.5,198,9.25,33.25,,4.47,,35,133,,,,171,2662,15.6,28,4,43
2023,Jayden Reed,Michigan State,WR,70.88,191,9.13,30.5,,4.45,12,33.5,121,4.29,,,203,2866,14.1,26,4,43
2023,Rashee Rice,Southern Methodist (TX),WR,72.63,204,9.5,32.75,,4.51,,41,128,4.27,7.13,,233,3111,13.4,25,4,44
2023,Tyler Scott,Cincinnati,WR,69.88,177,9,30.88,,4.44,14,39.5,133,4.29,7.1,,87,1439,16.5,14,3,35
2023,Justin Shorter,Florida,WR,76.25,229,10,33.75,,4.55,18,35.5,126,,,,110,1552,14.1,8,5,47
2023,Jaxon Smith-Njigba,Ohio State,WR,72.63,196,9,30.5,,4.56,,35,125,3.93,6.57,,110,1698,15.4,10,3,23
2023,Cedric Tillman,Tennessee,WR,75.38,213,10,32.75,,4.54,,37,128,,7.43,,109,1622,14.9,17,5,41
2023,Mitchell Tinsley,Penn State,WR,72,199,10,32.38,,4.6,14,35.5,120,4.21,6.81,,181,2356,13,23,3,39
2023,Tre Tucker,Cincinnati,WR,68.63,182,8.63,28.88,,4.4,15,37.5,124,4.53,7.18,,111,1425,12.8,8,4,50
2023,Parker Washington,Penn State,WR,69.75,204,10.13,29,,,16,,,,,,146,1920,13.2,12,3,32
2023,Jalen Wayne,South Alabama,WR,73.75,216,9.38,32.13,,4.51,,34.5,124,4.55,7.54,,,,,,,
2023,Dontayvion Wicks,Virginia,WR,73.38,206,10,32.38,,4.62,,39,130,,,,90,1694,18.8,12,4,30
2023,Michael Wilson,Stanford,WR,73.88,213,9.75,31,,4.58,23,37.5,125,4.27,6.92,,134,1662,12.4,11,5,36
2022,Calvin Austin,Memphis,WR,67.75,170,9.25,30,,4.32,,39,135,4.07,6.65,,156,2541,16.3,22,4,40
2022,Kevin Austin,Notre Dame,WR,74.38,200,9,32.88,,4.43,,39,132,4.15,6.71,,54,996,18.4,7,3,19
2022,David Bell,Purdue,WR,72.88,212,9.25,31.88,,4.68,,33,118,4.57,7.14,,232,2946,12.7,21,3,29
2022,Slade Bolden,Alabama,WR,70.63,193,9.75,29.38,,4.66,,32,116,,,,68,712,10.5,4,3,40
2022,Treylon Burks,Arkansas,WR,73.88,224,9.75,33.5,,4.55,11,33,122,4.44,7.28,,146,2399,16.4,18,3,32
2022,DaiJean Dixon,Nicholls State (LA),WR,74.63,205,9.5,32.38,,4.62,,34,125,4.42,7.28,,,,,,,
2022,Jahan Dotson,Penn State,WR,70.63,178,9.5,30.75,,4.43,,36,121,,7.28,,183,2757,15.1,25,4,42
2022,Romeo Doubs,Nevada,WR,73.88,201,10,32.25,,,,,,,,,225,3322,14.8,26,4,44
2022,Dontario Drummond,Mississippi,WR,72.88,215,9.25,31.5,,4.65,,34,122,,,,114,1633,14.3,15,3,34
2022,Erik Ezukanma,Texas Tech,WR,73.88,209,9.38,33.5,,,,36.5,126,4.38,,,138,2166,15.7,15,4,35
2022,Ty Fryfogle,Indiana,WR,73.13,209,9.75,30.88,,4.53,12,39,127,4.51,7.26,,158,2231,14.1,14,5,46
2022,Danny Gray,Southern Methodist (TX),WR,71.88,186,9.63,31.88,,4.33,,34,126,,,,82,1251,15.3,13,2,19
2022,Johnny Johnson,Oregon,WR,71.88,197,9.75,30.5,,4.6,,32,121,4.54,7.21,,139,1928,13.9,15,5,51
2022,Josh Johnson,Tulsa (OK),WR,70.5,179,8.63,32.25,,4.66,14,,,,,,166,2119,12.8,13,4,38
2022,Velus Jones,Tennessee,WR,71.75,204,9.75,30.88,,4.31,,33,121,,,,122,2973,24.2,2,6,60
2022,Drake London,Southern California,WR,75.88,219,9.38,33,,,,,,,,,160,2153,13.5,15,3,27
2022,Bo Melton,Rutgers,WR,71,189,9,31.25,,4.34,,38,121,,6.98,,164,2011,12.3,11,5,46
2022,John Metchie,Alabama,WR,71.25,187,9.25,30.63,,,,,,,,,155,2081,13.4,14,3,38
2022,Skyy Moore,Western Michigan,WR,69.63,195,10.25,31,,4.41,,34.5,125,4.32,7.13,,171,2482,14.5,16,3,30
2022,Jalen Nailor,Michigan State,WR,71.25,186,9.13,30.25,,4.5,,38,128,4.28,7.03,,86,1454,16.9,12,4,26
2022,Chris Olave,Ohio State,WR,72.38,187,9.5,31.13,,4.39,,32,124,,,,176,2711,15.4,35,4,40
2022,Kyle Philips,UCLA,WR,71.25,189,8.63,29.63,,4.58,,33.5,124,,,,163,1821,11.2,17,4,34
2022,George Pickens,Georgia,WR,75.25,195,8.75,32.38,,4.47,,33,125,,,,90,1347,15,14,3,26
2022,Alec Pierce,Cincinnati,WR,75.13,211,9,33,,4.41,,40.5,129,4.28,7.13,,106,18851,17.5,12,4,38
2022,Makai Polk,Mississippi State,WR,75.13,195,9.5,32.25,,4.59,,31,119,4.36,,,141,1524,10.8,12,3,30
2022,Charleston Rambo,Miami (FL),WR,72.63,177,9.75,32,,4.57,,33.5,118,,,,155,2352,15.2,16,4,41
2022,Reggie Roberson,Southern Methodist (TX),WR,71,192,9.5,32.63,,,,29,114,,,,174,2734,15.7,24,5,38
2022,WanDale Robinson,Kentucky,WR,68,178,9,27.63,,4.44,,34.5,118,,,,195,2248,11.5,10,3,31
2022,Justyn Ross,Clemson,WR,75.63,205,9.63,32.13,,,11,,,,,,158,2379,15.1,20,3,38
2022,Braylon Sanders,Mississippi,WR,72.13,194,10,31.5,,4.48,,34.5,121,,,,69,1453,21.1,10,5,39
2022,Khalil Shakir,Boise State,WR,71.88,196,9.5,29,,4.43,,34.5,124,4.21,7.28,,208,2878,13.8,20,4,43
2022,Tyquan Thornton,Baylor,WR,74.38,181,8.25,33.25,,4.28,,36.5,130,,,,143,2242,15.7,19,4,44
2022,Jalen Tolbert,South Alabama,WR,73.63,193,10,32.63,,4.49,,36,123,4.28,7.08,,178,3140,17.6,22,4,40
2022,Tre Turner,Virginia Tech,WR,73.38,184,8.5,30.75,,4.51,,30,113,4.53,7.45,,134,2292,17.1,14,4,44
2022,Christian Watson,North Dakota State,WR,76.13,208,10.13,32.5,,4.36,,38.5,136,,,,,,,,,
2022,Isaiah Weston,Northern Iowa,WR,75.5,214,9.5,32.5,,4.42,20,40,135,,,,,,,,,
2022,Devon Williams,Oregon,WR,77,210,9.88,34.13,,4.65,,33,133,,,,55,941,17.1,7,4,23
2022,Jameson Williams,Alabama,WR,73.5,179,9.25,32.13,,,,,,,,,94,1838,19.6,18,3,34
2022,Garrett Wilson,Ohio State,WR,71.75,183,9.88,32,,4.38,,36,123,4.36,,,143,2213,15.5,23,3,33
2022,Michael Woods,Oklahoma,WR,73.5,203,9.63,33.25,,4.55,,34.5,125,4.5,7.18,,118,1648,14,12,4,43
2021,Jonathan Adams,Arkansas State,WR,74,210,9.875,32.125,,4.63,,37.5,129,4.42,7.15,,,,,,,
2021,Tutu Atwell,Louisville,WR,68.88,155,8.875,29.25,,4.43,,31.5,114,4.13,6.98,,171,2640,15.4,17,4,45
2021,Jhamon Ausbon,Texas A&M,WR,74.38,217,9.875,32.375,,4.76,,31.5,115,4.32,7,,147,1818,12.8,8,3,34
2021,Kawaan Baker,South Alabama,WR,72.5,210,10.75,32.375,,4.49,20,38,126,4.45,7.53,,,,,,,
2021,Rashod Bateman,Minnesota,WR,72.38,190,9.5,33,,4.47,,34.5,120,4.39,7.06,,147,2410,16.4,19,3,31
2021,Tarik Black,Texas,WR,74.75,213,9.75,33.75,,4.58,14,38.5,129,4.3,7.02,,50,747,14.9,3,4,26
2021,Rico Bussey,Hawaii,WR,72.38,186,10.125,33,,4.54,12,37,121,4.3,7.32,,159,2215,13.9,22,5,40
2021,Jalen Camp,Georgia Tech,WR,73.88,226,9.625,33.75,,4.52,28,38,122,4.18,7.11,,48,808,16.8,5,4,25
2021,JaMarr Chase,Louisiana State,WR,72.38,201,9.625,30.75,,4.38,,39.5,129,4.03,7.07,,107,2093,19.6,23,2,24
2021,Nico Collins,Michigan,WR,76.13,215,9.375,34.125,,4.49,13,36,122,4.36,6.9,,78,1388,17.8,13,3,27
2021,Donnie Corley,Texas Southern,WR,73.75,195,9.25,32.375,,4.63,12,32.5,120,4.33,6.94,,,,,,,
2021,Damonte Coxie,Memphis,WR,74.13,198,8.75,33.25,,4.81,3,29,119,4.49,7.03,,185,2948,15.9,20,4,41
2021,Frank Darby,Arizona State,WR,72,201,9.625,31.375,,4.65,18,33,114,4.27,7.26,,67,1317,19.7,13,4,31
2021,Jaelon Darden,North Texas,WR,67.63,174,8.75,30.625,,4.5,10,34,119,4.14,6.78,,230,2782,12.1,38,4,46
2021,DWayne Eskridge,Western Michigan,WR,68.75,190,9,30.125,,4.44,,33.5,121,4.31,7.06,,122,2260,18.5,15,5,43
2021,Dez Fitzpatrick,Louisville,WR,73.75,208,9.625,32.75,,4.53,,33.5,97,4.29,7.17,,154,2589,16.8,21,4,47
2021,Bailey Gaither,San Jose State,WR,72,188,9.25,31,,4.52,8,29.5,118,4.43,7.18,,135,2227,16.5,18,5,37
2021,Trevon Grimes,Florida,WR,76,220,9.625,31.375,,4.54,14,33.5,115,4.3,7.11,,100,1464,14.6,14,4,38
2021,Adrian Hardy,Louisiana Tech,WR,73,205,9.375,32,,4.65,11,36,121,4.54,7.07,,168,2370,14.1,12,4,36
2021,Jacob Harris,Central Florida,WR,77,219,9.5,33.75,,4.47,14,39,130,4.35,6.62,,49,987,20.1,9,3,28
2021,Damon Hazelton,Missouri,WR,74.75,206,9.875,33.375,,4.68,,36,117,4.36,7.22,,163,2231,13.7,21,4,40
2021,Josh Imatorbhebhe,Illinois,WR,72.88,218,9.25,32.375,,4.57,23,45,131,4.42,7.21,,57,942,16.5,12,3,20
2021,Warren Jackson,Colorado State,WR,78,219,9.375,33.5,,4.76,10,32,120,4.55,7.82,,124,1789,14.4,14,4,28
2021,Terrell Jana,Virginia,WR,71.13,195,9.125,31.75,,4.73,16,30.5,107,4.17,7.16,,123,1481,12,5,4,33
2021,Cade Johnson,South Dakota State,WR,70.63,184,9.375,29.25,,4.55,10,33.5,111,,,,,,,,,
2021,Tim Jones,Southern Mississippi,WR,72.75,203,9.5,31.375,,4.51,16,38.5,121,4.18,7.13,,150,2011,13.4,9,4,34
2021,Branden Mack,Temple,WR,77,217,9.25,32.125,,4.7,10,29.5,112,4.41,7.24,,131,1819,13.9,15,4,34
2021,Terrace Marshall,Louisiana State,WR,74.5,205,9.5,32.75,,4.44,18,37.5,122,,,,106,1594,15,23,3,28
2021,Khalil McClain,Troy (AL),WR,74.88,214,9.625,31.875,,4.74,14,30.5,111,4.54,7.83,,77,945,12.3,13,3,25
2021,Racey McMath,Louisiana State,WR,74.5,211,8.875,32,,4.43,,32.5,122,4.44,7.48,,33,522,15.8,4,3,23
2021,Osirus Mitchell,Mississippi State,WR,77,206,10.875,34.375,,4.65,11,34,125,4.38,7.23,,107,1413,13.2,14,4,39
2021,Elijah Moore,Mississippi,WR,69.5,178,9.375,30.125,,4.39,16,34.5,118,4.04,6.78,,189,2441,12.9,16,3,33
2021,Rondale Moore,Purdue,WR,67,181,8.75,28.25,,4.36,,41,123,4.14,6.79,,178,1915,10.8,14,3,20
2021,Dazz Newsome,North Carolina,WR,70.13,190,9,29.875,,4.63,11,32.5,118,4.43,7.5,,188,2435,13,18,4,43
2021,Tre Nixon,Central Florida,WR,72.13,187,9.125,31.75,,4.48,17,34,122,4.29,6.92,,109,1671,15.3,13,4,29
2021,Antonio Nunn,Buffalo,WR,71,204,8.875,31,,4.54,14,32,117,4.36,7.23,,113,1718,15.2,10,4,36
2021,Josh Palmer,Tennessee,WR,73.25,210,9.625,33,,4.56,,32.5,121,4.28,7.09,,99,1514,15.3,7,4,44
2021,Whop Philyor,Indiana,WR,69.63,184,9.25,30.625,,4.62,13,29.5,117,4.42,7.31,,180,2067,11.5,12,4,35
2021,Cornell Powell,Clemson,WR,72.25,204,10,32.75,,4.57,15,35,125,4.25,7.14,,93,1211,13,10,5,44
2021,Blake Proehl,East Carolina (NC),WR,73.88,186,9,31.5,,4.51,11,34.5,123,4.24,7.11,,130,1576,12.1,9,3,29
2021,Amari Rodgers,Clemson,WR,69.5,212,9.5,30.375,,4.56,18,31.5,118,4.35,7.18,,181,2144,11.8,15,4,53
2021,T.J. Simmons,West Virginia,WR,73.38,208,9.375,32,,4.63,12,30.5,117,4.59,7.33,,86,1197,13.9,9,4,28
2021,Bennett Skowronek,Notre Dame,WR,74.88,220,10.125,33.25,,,12,,115,,,,139,1856,13.4,13,5,47
2021,Brandon Smith,Iowa,WR,73.38,218,9.375,34.25,,4.68,20,37.5,127,,,,91,1041,11.4,9,4,31
2021,DeVonta Smith,Alabama,WR,72.25,170,9.25,31.875,,,,,128,,,,235,3965,16.9,46,4,49
2021,Shi Smith,South Carolina,WR,69.5,186,9.75,31.875,,4.5,,34.5,120,4.26,6.9,,174,2204,12.7,13,4,42
2021,Ihmir Smith-Marsette,Iowa,WR,72.75,181,9.75,30.75,,4.54,9,35.5,121,4.27,7.17,,110,1615,14.7,13,4,43
2021,Amon-Ra St. Brown,Southern California,WR,71.5,197,9.125,30.375,,4.65,19,37,124,4.3,7.01,,178,2270,12.6,16,3,30
2021,Marquez Stevenson,Houston,WR,70.13,180,8.625,31.5,,4.52,,31.5,119,4.25,6.97,,147,2269,15.4,22,4,32
2021,Dillon Stoner,Oklahoma State,WR,72.13,194,9,30.875,,4.61,15,35.5,120,4.22,7.06,,191,2378,12.5,17,5,51
2021,Eli Stove,Auburn,WR,71.38,194,9.125,32.125,,4.58,13,29,116,4.44,7.45,,136,1186,8.7,6,5,48
2021,Mike Strachan,Charleston (WV),WR,77.38,226,10,34.25,,4.58,19,33.5,124,4.4,7.07,,728,3057,4.2,12,3,33
2021,Sage Surratt,Wake Forest,WR,74.5,209,9,32.25,,4.74,,,112,4.29,,,107,1582,14.8,15,2,19
2021,Kadarius Toney,Florida,WR,71.63,193,9.25,31.25,,4.42,8,38,133,4.27,6.99,,120,1590,13.3,12,4,38
2021,Austin Trammell,Rice (TX),WR,70.13,181,9.5,28.125,,4.66,20,38.5,121,4.15,6.86,,142,1744,12.3,13,4,40
2021,T.J. Vasher,Texas Tech,WR,77.63,203,10.25,35.625,,,,35.5,118,,,,146,1983,13.6,21,5,38
2021,Tyler Vaughns,Southern California,WR,74,184,9.5,32.875,,4.73,6,30,117,4.44,7.26,,222,2801,12.6,20,4,44
2021,Jaylen Waddle,Alabama,WR,69.5,180,9.125,30.375,,,,,119,,,,106,1999,18.9,17,3,34
2021,Tylan Wallace,Oklahoma State,WR,71.38,194,9.75,30.375,,4.54,10,31.5,109,4.29,7.08,,205,3434,16.8,26,4,37
2021,Austin Watkins,Alabama-Birmingham,WR,73.5,209,9.625,31.75,,4.6,17,,130,,,,98,1642,16.8,9,3,35
2021,Marlon Williams,Central Florida,WR,71.25,209,8.875,31,,4.7,13,32,116,4.61,,,157,2260,14.4,19,4,41
2021,Seth Williams,Auburn,WR,75,211,9.875,33.5,,4.53,11,35.5,121,4.47,7.31,,132,2124,16.1,17,3,33
2020,Brandon Aiyuk,Arizona State,WR,71.63,205,9.75,33.5,,4.5,11,40,128,,,,98,1666,17,11,2,25
2020,Omar Bayless,Arkansas State,WR,72.75,212,9,31.88,,4.62,11,36,123,4.5,7.35,,177,2775,15.7,26,4,43
2020,Lawrence Cager,Georgia,WR,76.75,220,8.88,33.38,,,,,,,,,78,1157,14.8,14,4,34
2020,Marquez Callaway,Tennessee,WR,73.25,205,9.38,32.38,,4.55,,38,126,,,,92,1646,17.9,13,4,35
2020,Quintez Cephus,Wisconsin,WR,72.88,202,8.75,32.13,,4.73,23,38.5,124,4.33,7.2,,93,1496,16.1,13,3,30
2020,Chase Claypool,Notre Dame,WR,76.25,238,9.88,32.5,,4.42,19,40.5,126,,,,150,2159,14.4,19,4,45
2020,Tyrie Cleveland,Florida,WR,74,205,9.13,32.88,,4.46,13,39.5,126,,,,79,1271,16.1,8,4,41
2020,Isaiah Coulter,Rhode Island,WR,73.88,198,9,31.75,,4.45,,36,121,4.62,7.28,,,,,,,
2020,Gabriel Davis,Central Florida,WR,74,216,9.25,32.25,,4.54,14,35,124,4.59,7.08,,152,2447,16.1,23,3,34
2020,Quartney Davis,Texas A&M,WR,73.25,201,9.5,31.38,,4.54,,35.5,,,,,99,1201,12.1,11,2,24
2020,Devin Duvernay,Texas,WR,70.5,200,9.5,30.63,,4.39,,35.5,123,4.2,7.13,,176,2468,14,16,4,45
2020,Bryan Edwards,South Carolina,WR,74.75,212,9.5,32.25,,,,,,,,,234,3045,13,22,4,48
2020,Chris Finke,Notre Dame,WR,70,184,9,29,,4.57,7,40,,,,,106,1251,11.8,8,4,49
2020,Aaron Fuller,Washington,WR,70.75,188,8.88,29.75,,4.59,,34,118,,7.14,,159,2051,12.9,13,4,47
2020,Antonio Gandy-Golden,Liberty (VA),WR,76,223,9.63,31.75,,4.6,22,36,127,4.55,7.33,,150,2433,16.2,20,2,24
2020,Stephen Guidry,Mississippi State,WR,76,200,9.13,32.75,,4.47,,34,125,4.46,7.31,,49,827,16.9,8,2,24
2020,K.J. Hamler,Penn State,WR,68.63,178,9.38,30.75,,,15,,,,,,98,1658,16.9,13,2,26
2020,Tee Higgins,Clemson,WR,75.63,216,9.25,34.13,,4.63,,29.5,7,4.57,,,135,2448,18.1,27,3,37
2020,John Hightower,Boise State,WR,73.5,189,9.75,31.5,,4.43,,38.5,122,4.21,7.07,,82,1447,17.6,14,2,23
2020,K.J. Hill,Ohio State,WR,71.88,196,9.25,29.13,,4.6,17,32.5,114,,,,201,2332,11.6,20,4,50
2020,Isaiah Hodgins,Oregon State,WR,75.63,210,9.88,33.13,,4.61,9,36.5,124,4.12,7.01,,176,2322,13.2,20,3,34
2020,Trishton Jackson,Syracuse,WR,72.75,197,9.75,32.38,,4.5,,36,117,,,,86,1282,14.9,13,4,23
2020,Justin Jefferson,Louisiana State,WR,73.25,202,9.13,33,,4.43,,37.5,126,,,,165,2415,14.6,24,3,30
2020,Van Jefferson,Florida,WR,73.5,200,9.13,32.75,,,,,,,,,175,2159,12.3,16,4,46
2020,Jauan Jennings,Tennessee,WR,75.13,215,9,31.63,,4.72,,29,119,,,,146,2153,14.7,18,5,38
2020,Jerry Jeudy,Alabama,WR,73,193,9.5,32.13,,4.45,,35,120,4.53,,,159,2742,17.2,26,3,36
2020,Collin Johnson,Texas,WR,77.63,222,9,31.75,,,17,,,,,,188,2624,14,15,4,42
2020,Juwan Johnson,Oregon,WR,76,230,10.5,34.25,,4.58,14,33,124,4.37,6.94,,111,1590,14.3,6,4,41
2020,Tyler Johnson,Minnesota,WR,73.38,206,9,30.88,,,,,,,,,213,3305,15.5,33,4,43
2020,CeeDee Lamb,Oklahoma,WR,73.63,198,9.25,32.25,,4.5,11,34.5,124,,,,173,3292,19,32,3,40
2020,Kalija Lipscomb,Vanderbilt,WR,71.88,207,9.38,32.88,,4.57,16,32,127,,,,198,2356,11.9,22,4,47
2020,Austin Mack,Ohio State,WR,73.5,208,10,33.63,,4.59,,31.5,117,4.42,,,79,1050,13.3,6,4,33
2020,Denzel Mims,Baylor,WR,74.88,207,9.38,33.88,,4.38,16,38.5,131,4.43,6.66,,186,2925,15.7,28,4,41
2020,Darnell Mooney,Tulane (LA),WR,70,176,9.63,30.88,,4.38,9,37,124,,,,154,2572,16.7,19,4,46
2020,K.J. Osborn,Miami (FL),WR,72,206,9.13,31.25,,4.48,18,37.5,123,4.35,7,,146,2037,14,17,4,46
2020,Aaron Parker,Rhode Island,WR,73.63,209,9.13,31.13,,4.57,12,26.5,112,4.23,6.94,,,,,,,
2020,Dezmon Patmon,Washington State,WR,76,228,10.25,32.75,,4.48,15,36,132,4.38,7.28,,156,1976,12.7,13,4,46
2020,Donovan Peoples-Jones,Michigan,WR,73.63,212,10.13,33.5,,4.48,,44.5,139,,,,103,1327,12.9,14,3,37
2020,Michael Pittman,Southern California,WR,76,223,9.25,32.5,,4.52,13,36.5,121,4.14,6.96,,171,2519,14.7,19,4,41
2020,James Proche,Southern Methodist (TX),WR,70.63,201,9.63,29.75,,,20,34.5,,4.4,7.27,,301,3949,13.1,39,4,49
2020,Jalen Reagor,Texas Christian,WR,70.63,206,9.5,31.38,,4.47,17,42,138,4.46,7.31,,148,2248,15.2,22,3,39
2020,Kendrick Rogers,Texas A&M,WR,76,204,9.13,33.13,,4.51,17,35.5,124,4.48,7.13,,68,786,11.6,7,3,27
2020,Henry Ruggs,Alabama,WR,71,188,10.13,30.5,,4.27,,42,131,,,,98,1716,17.5,24,3,41
2020,Laviska Shenault,Colorado,WR,72.63,227,9,31.88,,4.58,17,,,,,,149,1943,13,10,3,27
2020,Darrell Stewart,Michigan State,WR,74,216,9.63,32,,,15,35,117,,,,150,1640,10.9,7,4,38
2020,Freddie Swain,Florida,WR,72,199,9,30.63,,4.46,16,36.5,124,4.26,7.05,,68,996,14.6,15,4,37
2020,Jeff Thomas,Miami (FL),WR,68.88,170,8.38,30.38,,4.45,,36.5,125,,,,83,1316,15.9,8,3,34
2020,Binjimen Victor,Ohio State,WR,75.75,198,9.63,34.13,,4.6,9,35,128,,7.1,,82,1312,16,18,4,35
2020,Quez Watkins,Southern Mississippi,WR,72.13,185,9,32.88,,4.35,,36.5,125,4.36,7.28,,159,2404,15.1,17,3,33
2020,Cody White,Michigan State,WR,75,215,10,32.5,,4.66,,35.5,120,4.52,7.19,,143,1967,13.8,12,3,33
2019,J.J. Arcega-Whiteside,Stanford,WR,74,225,9.5,33.25,,4.54,,32.5,116,4.45,7.34,,135,2219,16.4,28,3,33
2019,Jaelan Austin,Texas Christian,WR,71.75,194,10,31.75,,,3,,,,,,65,860,13.2,7,4,34
2019,Alex Bachman,Wake Forest,WR,71.38,195,9.5,30.875,,4.51,16,31.5,124,4.32,6.82,,82,1162,14.2,10,4,32
2019,Miles Boykin,Notre Dame,WR,75.75,220,9.88,33.5,,4.42,12,43.5,140,4.07,6.77,,77,1206,15.7,11,3,26
2019,Tyre Brady,Marshall (WV),WR,74.88,211,9.75,33.63,,4.8,12,32,117,4.25,7.35,,142,2056,14.5,18,3,28
2019,A.J. Brown,Mississippi,WR,72.5,226,9.75,32.88,,4.49,19,36.5,120,4.29,7.11,,189,2984,15.8,19,3,34
2019,Marquise Brown,Oklahoma,WR,69.38,166,9,30.5,,,,,,,,,132,2413,18.3,17,2,25
2019,Shun Brown,Arizona,WR,68.25,185,9,29.75,,4.76,,,111,4.34,7.17,,140,1773,12.7,15,4,45
2019,Emmanuel Butler,Northern Arizona,WR,75,217,10.13,33,,4.79,11,36,115,4.22,7.52,,,,,,,
2019,Hakeem Butler,Iowa State,WR,77.63,227,10.75,35.25,,4.48,18,36,128,4.2,7.2,,110,2149,19.5,18,3,34
2019,Parris Campbell,Ohio State,WR,71.88,205,9.5,32.25,,4.31,11,40,135,4.03,,,143,1768,12.4,15,4,43
2019,Juston Christian,Marist,WR,71.63,196,9.5,31.5,,4.53,15,34.5,123,4.54,7.43,,,,,,,
2019,Jamal Custis,Syracuse,WR,76.13,214,10.88,33.88,,4.5,,34.5,124,4.5,7.34,,64,1048,16.4,8,4,21
2019,Felton Davis,Michigan State,WR,75.5,211,10.25,32.75,,,21,,,,,,100,1450,14.5,14,4,24
2019,Ryan Davis,Auburn,WR,69.88,189,9.25,30.88,,4.67,12,35,124,4.23,7.09,,178,1555,8.7,7,4,39
2019,Jakari Dillard,Central Arkansas,WR,75.25,210,,,,,,,,,,,,,,,,
2019,Johnnie Dixon,Ohio State,WR,70.38,201,9.63,30.25,,4.41,16,37.5,120,4.43,7.49,,67,1146,17.1,16,5,27
2019,Greg Dortch,Wake Forest,WR,67.13,173,9.25,29.25,,4.63,,31.5,106,4.12,7,,142,1800,12.7,17,2,20
2019,Keelan Doss,UC-Davis,WR,74.75,211,9.5,31.75,,4.6,8,34.5,121,,,,,,,,,
2019,Ashton Dulin,Malone (OH),WR,73.38,215,9,33.38,,4.43,13,38,121,4.22,7,,,,,,,
2019,Jovon Durante,Florida Atlantic,WR,71.13,160,8.75,31.13,,4.55,,31.5,120,4.31,7,,125,1599,12.8,12,3,36
2019,Tony Ellison,Arizona,WR,71,181,8.75,29.75,,4.72,1,28.5,120,4.24,6.88,,69,1155,16.7,11,4,29
2019,Jazz Ferguson,Northwestern State (LA),WR,76.75,227,9.25,34.25,,4.45,8,37,123,4.59,7.25,,,,,,,
2019,Travis Fulgham,Old Dominion (VA),WR,74.38,215,9.5,33.75,,4.58,15,36.5,126,4.26,6.95,,128,2044,16,18,4,39
2019,Terry Godwin,Georgia,WR,71.5,184,9.38,30,,4.55,,36.5,117,4.22,6.96,,134,1800,13.4,11,4,51
2019,Marcus Green,Louisiana-Monroe,WR,67.88,190,9,30.75,,4.45,13,35.5,121,4.45,6.99,,202,2698,13.4,23,4,48
2019,Jalen Greene,Utah State,WR,73.88,205,9.75,31.25,,4.71,15,30.5,119,4.5,7.2,,70,1007,14.4,6,4,31
2019,Jalen Guyton,North Texas,WR,72.88,212,9.25,32,,4.43,12,36,122,4.13,7.01,,103,1580,15.3,15,2,25
2019,Emanuel Hall,Missouri,WR,73.88,201,9.75,33.25,,4.39,15,43.5,141,,,,97,2016,20.8,16,4,32
2019,Mecole Hardman,Georgia,WR,70.25,187,9,30.25,,4.33,17,36.5,119,4.29,6.86,,60,961,16,11,3,23
2019,Kelvin Harmon,North Carolina State,WR,74.13,221,9.5,32.5,,4.6,18,32.5,117,4.32,7.15,,177,2665,15.1,16,3,35
2019,Treon Harris,Tennessee State,WR,71.13,196,8.63,29.875,,4.7,,28,114,4.59,7.39,,,,,,,
2019,N'Keal Harry,Arizona State,WR,74.88,228,9.5,33,,4.53,27,38.5,122,4.32,7.16,,213,2889,13.6,22,3,37
2019,Penny Hart,Georgia State,WR,68,180,9.13,31,,4.67,17,32,108,4.79,7.75,,203,2960,14.6,19,4,39
2019,Jerrod Heard,Texas,WR,73.13,201,8.88,31.875,,4.59,18,33,113,4.48,7.27,,160,605,3.8,5,4,41
2019,Corey Holmes,Morgan State (MD),WR,73.13,183,9.25,32.75,,4.58,11,37,130,4.12,7.45,,,,,,,
2019,Lil'Jordan Humphrey,Texas,WR,75.63,210,9.5,32.75,,4.75,13,33.5,119,4.29,7.09,,125,1622,13,10,3,28
2019,Jalen Hurd,Baylor,WR,76.63,226,10.25,32,,4.68,23,34,121,4.19,,,136,1438,10.6,10,4,45
2019,Trenton Irwin,Stanford,WR,73.5,204,8.88,31.125,,,,,,,,,152,1738,11.4,5,4,48
2019,Andy Isabella,Massachusetts,WR,68.75,188,8.38,29.75,,4.31,15,36.5,121,4.15,6.95,,231,3526,15.3,30,4,44
2019,Taivon Jacobs,Maryland,WR,69.75,170,8,28.875,,4.68,12,37.5,120,,,,93,1145,12.3,9,4,36
2019,Gary Jennings,West Virginia,WR,73,214,9.63,32.5,,4.42,20,37,127,4.15,7.32,,168,2294,13.7,17,4,45
2019,Anthony Johnson,Buffalo,WR,73.88,209,9.38,31.38,,4.59,18,32.5,122,,7.12,,133,2367,17.8,25,2,24
2019,Diontae Johnson,Toledo,WR,70.5,183,9,30.75,,4.53,15,33.5,123,4.45,7.09,,135,2235,16.6,23,3,38
2019,JonVea Johnson,Toledo,WR,70.75,188,8.88,31.375,,4.44,11,33.5,125,4.21,6.79,,125,2265,18.1,25,5,46
2019,KeeSean Johnson,Frenso State (CA),WR,73.13,201,9.5,32,,4.6,14,30,117,4.23,7.28,,275,3463,12.6,24,4,51
2019,Olabisi Johnson,Colorado State,WR,72.5,204,10.38,30.75,,4.51,14,38,124,4.16,6.88,,125,2019,16.2,11,4,38
2019,Tyron Johnson,Oklahoma State,WR,72.88,193,9.25,30.875,,4.4,15,28.5,113,4.44,7.18,,80,1288,16.1,12,3,27
2019,Derek Kief,Alabama,WR,76.5,204,8.88,32.625,,4.76,,33.5,122,4.36,7.18,,11,101,9.2,2,4,24
2019,Damarkus Lodge,Mississippi,WR,73.88,202,9.5,33.125,,4.55,11,33.5,119,4.53,7.06,,122,1790,14.7,14,4,33
2019,Terry McLaurin,Ohio State,WR,72.13,208,9.13,31.5,,4.35,18,37.5,125,4.15,7.01,,75,1251,16.7,19,4,44
2019,D.K. Metcalf,Mississippi,WR,75.38,228,9.88,34.875,,4.33,27,40.5,134,4.5,7.38,,67,1228,18.3,14,3,21
2019,Jakobi Meyers,North Carolina State,WR,73.63,203,9.5,32,,4.63,13,37,118,4.23,7.07,,168,1932,11.5,9,3,31
2019,Scott Miller,Bowling Green (OH),WR,69.13,174,8.75,29.25,,4.4,14,32.5,120,4.06,7.08,,215,2867,13.3,23,4,45
2019,Dillon Mitchell,Oregon,WR,73.25,197,9,31.5,,4.46,12,36.5,122,4.29,7.04,,119,1710,14.4,14,3,29
2019,Stanley Morgan,Nebraska,WR,72,202,9.88,32.375,,4.53,14,38.5,125,4.13,6.78,,189,2747,14.5,22,4,47
2019,Nyqwan Murray,Florida State,WR,70.25,193,9,30.625,,4.63,8,34,113,4.4,7.2,,127,1854,14.6,12,4,35
2019,Flynn Nagel,Northwestern,WR,71.25,188,8.38,29.25,,4.77,10,27,99,4.25,7.06,,160,1763,11,6,4,40
2019,Kyrion Parker,Central Missouri,WR,74.75,207,10.25,33.25,,4.6,8,35.5,123,4.5,7.31,,,,,,,
2019,Tristan Payton,Central Florida,WR,71.63,197,8.25,31.5,,4.63,10,31,113,4.38,7.01,,35,409,11.7,2,4,27
2019,Michiah Quick,Frenso State (CA),WR,70.5,178,,,,,,,,,,,50,484,9.7,2,4,29
2019,T.J. Rahming,Duke,WR,68.25,163,8.63,29.125,,4.68,,30.5,111,4.67,6.99,,253,2919,11.5,13,4,47
2019,Anthony Ratliff-Williams,North Carolina,WR,72.25,205,9.5,30.75,,4.61,13,33.5,123,4.42,7.01,,80,1340,16.8,8,3,32
2019,Hunter Renfrow,Clemson,WR,70.5,180,7.88,29,,4.59,7,35,116,4.19,6.8,,186,2133,11.5,15,4,53
2019,A.J. Richardson,Boise State,WR,71.38,202,9.5,30.125,,4.66,10,32,107,4.48,7.23,,99,1474,14.9,11,4,32
2019,Riley Ridley,Georgia,WR,73.25,194,10.25,32.625,,4.58,13,30.5,124,4.28,7.22,,69,1015,14.7,13,3,28
2019,Deebo Samuel,South Carolina,WR,71.25,214,10,31.375,,4.48,15,39,122,4.14,7.03,,148,2076,14,16,4,30
2019,David Sills,West Virginia,WR,75.25,211,9,32,,4.57,14,37.5,117,4.28,6.97,,132,2097,15.9,35,3,28
2019,Raelon Singleton,Houston,WR,74.88,208,10,32.125,,4.58,,36,128,4.54,7.12,,83,1265,15.2,11,4,33
2019,Darius Slayton,Auburn,WR,73,190,10,32.75,,4.39,11,40.5,135,4.15,7,,79,1605,20.3,11,3,29
2019,Jaylen Smith,Louisville,WR,74.25,213,9.25,32.75,,4.47,14,34.5,122,4.48,7.55,,152,2505,16.5,15,4,44
2019,Jeff Smith,Boston College,WR,72,191,9,31.5,,4.4,14,35,124,4.1,6.98,,136,902,6.6,9,4,46
2019,TJ Smith,Lenoir-Rhyne,WR,69.5,174,8.75,31,,4.61,15,34,120,4.43,7.11,,,,,,,
2019,Dredrick Snelson,Central Florida,WR,71.38,189,8.75,30.625,,4.59,9,29,113,4.43,7.38,,106,1519,14.3,15,3,32
2019,Jayson Stanley,Georgia,WR,73.63,209,8.5,33,,4.5,11,33.5,123,4.38,7.25,,,,,,,
2019,Brad Stewart,Georgia Tech,WR,72.75,186,8.63,30.25,,4.7,9,33.5,116,4.24,7.14,,45,842,18.7,4,4,40
2019,DeAndre Thompkins,Penn State,WR,71.25,192,9.75,31.5,,4.38,12,32.5,123,4.3,7.13,,83,1245,15,6,4,45
2019,Cody Thompson,Toledo,WR,73.5,205,9.38,31,,4.57,19,38.5,119,4.03,6.87,,181,3312,18.3,30,5,50
2019,Trevion Thompson,Clemson,WR,74,197,9.25,32,,4.56,,34.5,119,4.36,6.93,,53,506,9.5,2,4,35
2019,Kavontae Turpin,Texas Christian,WR,68.88,158,7.75,29.625,,4.54,1,38.5,126,4.29,6.76,,145,1748,12.1,13,4,42
2019,John Ursua,Hawaii,WR,69.13,178,9.25,29.875,,4.6,16,35.5,117,4.2,6.88,,189,2662,14.1,24,3,33
2019,Jamarius Way,South Alabama,WR,75.5,215,10.25,33,,4.63,16,32.5,119,4.66,7.55,,108,1617,15,11,2,23
2019,Moe Ways,California,WR,75.13,218,9.88,32,,4.67,17,33.5,114,4.43,7.39,,,,,,,
2019,Alex Wesley,Northern Colorado,WR,71.88,190,9,31.25,,4.45,13,38.5,125,4.44,7.4,,,,,,,
2019,Antoine Wesley,Texas Tech,WR,76.13,206,9.75,34,,4.72,6,37,117,4.26,7.07,,98,1547,15.8,9,3,19
2019,Vic Wharton,California,WR,70.63,193,9.5,29.75,,4.69,10,27.5,103,4.42,7.37,,150,1730,11.5,8,4,37
2019,Reggie White,Monmouth (NJ),WR,74,208,8.5,32.5,,4.56,9,35.5,117,4.11,6.92,,,,,,,
2019,Preston Williams,Colorado State,WR,76.25,211,9.13,33,,4.65,,30,113,4.39,7.22,,112,1592,14.2,16,3,19
2019,Juwann Winfree,Colorado,WR,73.13,210,9.75,31.5,,4.57,15,31.5,122,4.29,7.08,,60,807,13.5,6,3,21
2018,Deontez Alexander,Franklin,WR,73.25,196,8.63,32,,4.39,14,36,127,4.12,7.02,,,,,,,
2018,Marcell Ateman,Oklahoma State,WR,76.5,216,9.88,32.88,,4.62,13,34,121,4.25,7.07,11.94,146,2466,16.9,13,4,43
2018,Cameron Batson,Texas Tech,WR,68.25,175,9,28.875,,4.39,13,37.5,121,4.04,6.8,,157,1499,9.5,14,4,48
2018,Braxton Berrios,Miami (FL),WR,68.63,184,9.25,28,,4.48,11,34.5,107,4.22,6.83,,100,1175,11.8,14,4,46
2018,Saeed Blacknall,Penn State,WR,74,208,9.88,33.375,,4.41,23,31,124,4.23,6.88,,50,979,19.6,7,4,30
2018,Deontay Burnett,Southern California,WR,71.63,186,8.63,31.5,,,,,,,,,152,1897,12.5,16,3,32
2018,Deon Cain,Clemson,WR,73.88,202,8.75,33,,4.43,11,33.5,115,4.37,6.71,11.78,130,2040,15.7,20,3,40
2018,Antonio Callaway,Florida,WR,70.63,200,9.5,31.5,,4.41,6,34,121,4.37,7.11,,89,1399,15.7,7,2,26
2018,Dylan Cantrell,Texas Tech,WR,74.88,226,9.25,31.38,,4.59,18,38.5,130,4.03,6.56,10.85,158,1873,11.9,18,4,40
2018,Darren Carrington,Utah,WR,74.25,199,10.38,32.75,,4.82,8,36,120,4.55,7.07,,182,2899,15.9,21,4,41
2018,D.J. Chark,Louisiana State,WR,74.88,199,9.25,32.38,,4.34,16,40,129,,,,66,1351,20.5,6,3,25
2018,James Clark,Virginia Tech,WR,69,180,8.88,29.875,,4.53,5,35,120,4.35,7.43,,14,139,9.9,0,2,15
2018,Simmie Cobbs,Indiana,WR,75.13,220,9.25,32,,4.64,11,30,113,4.32,6.7,11.2,139,1990,14.3,12,3,30
2018,Keke Coutee,Texas Tech,WR,69.75,181,8.38,29.88,,4.43,14,34.5,113,4.15,6.93,,159,2424,15.2,17,3,30
2018,Jawill Davis,Bethune-Cookman (FL),WR,72.88,191,9,32.5,,4.42,13,37.5,120,4.6,7.63,,,,,,,
2018,John Diarse,Texas Christian,WR,71.38,211,9.75,33.625,,4.62,13,32,118,4.44,7.3,,96,1429,14.9,9,4,40
2018,Armanti Foreman,Texas,WR,71.75,205,10,32,,4.62,16,33.5,117,4.32,7.34,,86,1070,12.4,11,4,34
2018,Robert Foster,Alabama,WR,73.63,196,9.25,32.13,,4.41,,31,116,4.2,6.9,11.9,35,389,11.1,3,4,19
2018,Daurice Fountain,Northern Iowa,WR,73.5,206,10.13,34,,4.55,13,41,131,4.33,7.13,,,,,,,
2018,Russell Gage,Louisiana State,WR,72,186,9.13,33,,4.54,14,37.5,119,4.29,7.14,,28,232,8.3,1,2,20
2018,Michael Gallup,Colorado State,WR,72.75,205,9.25,31.5,,4.51,10,36,122,4.37,6.95,11.84,176,2690,15.3,21,2,26
2018,Donald Gray,Mississippi State,WR,69.63,204,9.25,32.25,,4.66,15,30.5,115,4.45,7.23,,86,1309,15.2,10,3,29
2018,Davon Grayson,East Carolina (NC),WR,72.75,199,9.38,31.38,,4.51,19,34.5,124,4.44,7.25,,135,1767,13.1,13,4,37
2018,Daesean Hamilton,Penn State,WR,72.63,203,9.38,31,,4.56,15,34.5,118,4.15,6.84,,214,2842,13.3,18,4,51
2018,Quadree Henderson,Pittsburgh,WR,68,192,9.88,29.5,,4.5,12,32.5,120,4.28,6.89,,98,887,9.1,5,3,31
2018,Ishmael Hyman,James Madison (VA),WR,72,196,8.63,31.625,,4.49,,28.5,113,4.41,7.25,,,,,,,
2018,Richie James,Middle Tennessee State,WR,70.13,183,9.25,31.25,,4.48,6,35.5,122,4.16,6.87,11.44,243,3249,13.4,23,3,31
2018,Adonis Jennings,Temple,WR,74.25,203,9.38,32.625,,4.61,,29.5,113,4.35,7.17,,89,1417,15.9,13,4,36
2018,Ricky Jeune,Georgia Tech,WR,74.13,213,9.63,32.5,,4.6,14,34.5,116,4.43,7.07,,74,1492,20.2,11,3,33
2018,Garrett Johnson,Kentucky,WR,70.25,169,8.75,30.375,,4.54,11,38.5,115,4.3,6.92,,156,2095,13.4,11,4,47
2018,Christian Kirk,Texas A&M,WR,70.38,201,9.88,30.38,,4.47,20,35.5,115,4.45,7.09,12.03,234,2856,12.2,26,3,39
2018,Keith Kirkwood,Temple,WR,74.5,221,9.5,33.75,,4.49,,33.5,122,4.47,7.05,,103,1638,15.9,16,4,36
2018,Chris Lacy,Oklahoma State,WR,75,205,9.75,31.25,,4.51,11,33.5,120,4.64,7.4,,63,920,14.6,5,4,32
2018,Jordan Lasley,UCLA,WR,73,203,9.63,32.75,,4.5,8,34.5,112,4.19,7.38,,113,1901,16.8,14,3,23
2018,Allen Lazard,Iowa State,WR,76.63,227,9.75,32.25,,4.55,17,38,122,4.37,7.22,,241,3360,13.9,26,4,48
2018,Tavares Martin,Washington State,WR,72.63,177,9.13,32.13,,4.8,,31.5,108,4.56,7.2,,150,1683,11.2,17,3,36
2018,Ray-Ray Mccloud,Clemson,WR,69.5,190,9.25,30.25,,4.53,13,34.5,113,4.36,7,,127,1226,9.7,4,3,39
2018,Anthony Miller,Memphis,WR,71.13,201,10.63,31.63,,4.54,22,37.5,122,4.3,6.76,,238,3590,15.1,37,3,38
2018,Steven Mitchell,Southern California,WR,70.25,189,9.38,30.38,,4.56,13,32.5,121,4.4,6.75,,109,1287,11.8,11,4,35
2018,D.J. Moore,Maryland,WR,72,210,9.63,31.63,,4.42,15,39.5,132,4.07,6.95,11.18,146,2027,13.9,17,3,36
2018,JMon Moore,Missouri,WR,74.63,207,9.38,32.88,,4.6,21,38,120,4.04,6.56,,158,2477,15.7,21,4,37
2018,Charles Nelson,Oregon,WR,68.13,176,8.25,28.875,,4.61,15,30,111,4.39,7.17,,124,1555,12.5,14,4,49
2018,Dante Pettis,Washington,WR,72.5,186,9.5,32.25,,,,,,,,,163,2256,13.8,24,4,52
2018,Cam Phillips,Virginia Tech,WR,72.13,201,8.88,30.5,,4.83,11,28,110,4.49,7.3,,236,3027,12.8,17,4,49
2018,Demornay Pierson-El,Nebraska,WR,68.63,194,9.63,30.875,,4.61,13,36,117,4.32,7.09,,100,1309,13.1,11,4,43
2018,Brandon Powell,Florida,WR,68,181,8.88,29.25,,4.63,,30.5,112,4.19,6.99,,131,1330,10.2,9,4,46
2018,Byron Pringle,Kansas State,WR,73.13,203,9.25,32,,4.46,15,33.5,120,4.4,6.87,,69,1355,19.6,10,2,25
2018,Austin Proehl,North Carolina,WR,69.13,182,8.5,28.875,,,10,32.5,110,4.11,6.86,,91,1265,13.9,5,4,38
2018,Trey Quinn,Southern Methodist (TX),WR,71.38,203,10.13,30.75,,4.55,17,33.5,116,4.19,6.91,11.4,136,1512,11.1,13,3,27
2018,Damion Ratley,Texas A&M,WR,73.75,196,9.5,31,,4.43,11,36.5,121,4.27,7.03,,47,920,19.6,8,3,21
2018,Calvin Ridley,Alabama,WR,72.5,189,9.13,31.625,,4.43,15,31,110,4.41,6.88,,224,2781,12.4,19,3,44
2018,Korey Robertson,Southern Mississippi,WR,72.63,212,9.13,32.875,,4.56,13,34,123,4.44,7.66,,127,1743,13.7,18,3,32
2018,Terryon Robinson,Western Carolina,WR,69.63,194,8.88,31.5,,4.69,12,31.5,109,4.68,7.81,,,,,,,
2018,Shaq Roland,West Georgia,WR,72.63,184,8.38,31.25,,4.66,,28.5,109,4.48,7.01,,,,,,,
2018,Devin Ross,Colorado,WR,69.38,192,9.25,30.875,,4.56,15,33.5,120,4.27,7.05,,143,1643,11.5,9,4,40
2018,Jaleel Scott,New Mexico State,WR,76.75,218,10,33.5,,4.56,16,34.5,124,4.4,7.2,,99,1362,13.8,14,2,23
2018,Trent Sherfield,Vanderbilt,WR,72.25,203,9.63,31.875,,4.49,18,31,122,4.24,7.01,,136,1869,13.7,22,4,39
2018,Cam Sims,Alabama,WR,75.63,212,9.63,33.25,,4.63,,32.5,120,4.53,7.68,,41,467,11.4,2,4,23
2018,Jordan Smallwood,Oklahoma,WR,74,219,9.13,31,,4.57,20,37.5,127,4.3,7.06,,18,170,9.4,1,4,21
2018,Thadd Smith,Boston College,WR,68.38,167,8.88,29.25,,4.55,9,32.5,117,4.47,7.11,,48,355,7.4,2,3,28
2018,TreQuan Smith,Central Florida,WR,73.75,203,9.5,33.375,,4.49,12,37.5,130,4.5,6.97,,168,2748,16.4,22,3,37
2018,Kevin Spears,Jacksonville State (AL),WR,73.75,202,9.75,31.5,,4.73,3,,110,4.39,7.22,,,,,,,
2018,Equanimeous St. Brown,Notre Dame,WR,76.75,214,9.75,33,,4.48,20,33,,,,,92,1484,16.1,13,3,26
2018,Courtland Sutton,Southern Methodist (TX),WR,75.38,218,9.75,32.375,,4.54,18,35.5,124,4.11,6.57,,195,3320,16.5,31,4,40
2018,Auden Tate,Florida State,WR,76.88,228,9.38,33.75,,4.68,,31,112,4.62,7.48,,65,957,14.7,16,2,22
2018,Marquez Valdes-Scantling,South Florida,WR,76,206,10,32.25,,4.37,15,30.5,124,4.21,6.96,,119,1832,15.4,12,4,39
2018,James Washington,Oklahoma State,WR,71,213,9.75,32.375,,4.54,14,34.5,120,4.32,7.11,,226,4472,19.8,39,4,51
2018,Justin Watson,Pennsylvania,WR,74.38,215,9.25,33.75,,4.48,19,38.5,121,4.3,7.19,,,,,,,
2018,Jester Weah,Pittsburgh,WR,74.25,211,9.63,31.125,,4.43,15,38,129,4.41,7.24,,77,1566,20.3,14,3,25
2018,KaRaun White,West Virginia,WR,73,206,9.63,32.25,,4.52,24,33.5,118,4.57,7.16,,124,1862,15,17,3,29
2018,Jake Wieneke,South Dakota State,WR,76,221,9.88,33,,4.67,9,34,114,4.37,7.24,,,,,,,
2018,Taj Williams,Texas Christian,WR,74.88,199,9.25,32.125,,4.54,,32.5,121,4.48,7.16,,41,735,17.9,6,2,14
2018,Cedrick Wilson,Boise State,WR,74.25,197,9.75,31.5,,4.55,9,37,121,4.23,6.89,,139,2640,19,18,2,26
2018,Javon Wims,Georgia,WR,74.88,215,9.25,31.5,,4.53,,33.5,113,4.57,7,,62,910,14.7,8,2,22
2017,Ishmael Adams,UCLA,WR,67.88,186,9,29.75,,4.54,14,25.5,108,4.29,7.14,,,,,,,
2017,Rodney Adams,South Florida,WR,73.25,189,9,32,,4.44,8,29.5,125,4.28,6.98,11.39,136,1976,14.5,16,4,38
2017,Quincy Adeboyejo,Mississippi,WR,74.75,197,9.38,31.75,,4.42,8,34.5,123,4.14,6.73,,106,1454,13.7,11,4,40
2017,Tommy Armstrong,Nebraska,WR,72.38,216,9.88,31,,4.61,15,36,120,4.15,6.87,,,,,,,
2017,Josh Atkinson,Tulsa (OK),WR,72.25,200,10.25,32.625,,4.78,11,31.5,112,4.43,7.14,,202,2654,13.1,14,5,43
2017,Victor Bolden,Oregon State,WR,68.13,178,9,31.13,,4.54,9,32,117,4.22,6.83,11.14,170,1863,11,7,4,48
2017,Kendrick Bourne,Eastern Washington,WR,73.25,203,9.13,32.5,,4.68,9,34,125,4.21,6.73,12.21,,,,,,
2017,Billy Brown,Shepherd (WV),WR,75.38,254,10.38,33,,4.7,23,29,118,4.14,7.01,11.75,,,,,,
2017,Noah Brown,Ohio State,WR,74,222,9.13,31.75,,4.6,19,,,4.33,7.07,,33,411,12.5,7,2,14
2017,KD Cannon,Baylor,WR,71.13,182,8.88,30.75,,4.41,13,37,119,4.2,7.21,,195,3113,16,27,3,38
2017,Jehu Chesson,Michigan,WR,74.75,204,9.13,33.25,,4.47,10,35.5,132,4.09,6.7,,114,1639,14.4,12,4,45
2017,Stacy Coley,Miami (FL),WR,72.13,195,9.75,32.25,,4.45,10,34,122,4.39,7.3,,166,2218,13.4,20,4,48
2017,Amara Darboh,Michigan,WR,73.75,214,9.88,32.63,,4.45,17,36,124,4.26,6.92,11.88,151,2062,13.7,14,3,37
2017,Corey Davis,Western Michigan,WR,74.75,209,9.13,33,31,,,,,4.28,,11.48,332,5285,15.9,52,4,50
2017,Marcus Davis,Auburn,WR,69,179,9.75,30,,4.57,,30,111,4.5,7.6,,83,650,7.8,3,4,42
2017,Reggie Davis,Georgia,WR,71.63,158,9.25,31.75,,4.4,3,30.5,112,4.16,7.05,,47,998,21.2,0,4,42
2017,Reginald Davis,Texas Tech,WR,71.75,182,9.25,31,,4.48,8,33.5,121,4.34,6.87,,97,1301,13.4,18,4,43
2017,Robert Davis,Georgia State,WR,74.75,219,9.63,33,,4.44,19,41,136,4.28,6.82,11.77,222,3391,15.3,17,4,49
2017,Malachi Dupre,Louisiana State,WR,74.13,196,9,31.5,,4.52,11,39.5,135,4.26,7.19,,98,1609,16.4,14,3,31
2017,Travin Dural,Louisiana State,WR,73,202,9,32,,4.57,,30.5,116,4.55,7.29,,100,1716,17.2,13,4,38
2017,Amba Etta-Tawo,Syracuse,WR,73.25,208,9.13,32,,4.49,14,31,126,4.32,6.95,,124,1920,15.5,15,3,26
2017,Isaiah Ford,Virginia Tech,WR,73.25,194,9.25,32.63,,4.61,14,35.5,127,4.34,6.94,,210,2967,14.1,24,3,39
2017,Ahmad Fulwood,Florida,WR,76.13,202,9.25,32,,4.55,,33,121,4.42,7.4,,42,499,11.9,3,4,27
2017,Shelton Gibson,West Virginia,WR,71.13,191,8.88,32,,4.5,8,32,118,4.2,6.83,11.79,84,1898,22.6,17,3,32
2017,Chris Godwin,Penn State,WR,73,209,9.13,31.625,,4.42,19,36,125,4,7.01,,154,2421,15.7,18,3,39
2017,Kenny Golladay,Northern Illinois,WR,75.75,218,9.75,32,,4.5,18,35.5,120,4.15,7,,,,,,,
2017,Deante Gray,Texas Christian,WR,67.88,184,7.88,30.25,,4.47,11,31,112,4.32,7.12,,54,857,15.9,8,3,31
2017,Trey Griffey,Arizona,WR,74.13,209,9.75,32.125,,4.63,16,31,115,4.54,7.43,,79,1241,15.7,6,4,35
2017,Chad Hansen,California,WR,73.75,202,10.13,32.13,,4.53,11,35,119,4.13,6.74,11.17,111,1498,13.5,12,2,17
2017,Justin Hardee,Illinois,WR,72.63,197,9.5,32.25,,4.4,16,33,126,4.3,7.39,,72,841,11.7,1,4,40
2017,Keon Hatcher,Arkansas,WR,73.25,212,9.5,32,,4.64,16,,,4.28,,,130,1866,14.4,19,5,47
2017,Carlos Henderson,Louisiana Tech,WR,70.75,199,9.13,31.38,,4.46,13,36,131,4.35,7.18,,147,2878,19.6,28,3,36
2017,Krishawn Hogan,Marian (IN),WR,74.63,222,9.88,32.13,,4.56,13,36.5,124,4.21,6.74,,,,,,,
2017,Mack Hollins,North Carolina,WR,75.75,221,9.75,33.25,,4.53,,,,,,,81,1667,20.6,20,4,41
2017,Brandon Holloway,Mississippi State,WR,67,160,9,29.75,,4.38,,37,119,4.13,6.98,,195,971,5,2,4,43
2017,Bug Howard,North Carolina,WR,75.63,221,10.38,33.13,,4.58,14,37.5,119,4.14,6.95,,124,1770,14.3,14,3,36
2017,Zay Jones,East Carolina (NC),WR,73.88,201,9,32.5,,4.45,15,36.5,133,4.01,6.79,,399,4279,10.7,23,4,49
2017,Cooper Kupp,Eastern Washington,WR,73.75,204,9.5,31.5,37,4.62,,31,116,4.08,6.75,,428,6464,15.1,73,4,52
2017,Jerome Lane,Akron,WR,74.13,226,9.75,31.5,,4.6,16,35,125,4.12,6.87,,101,1800,17.8,14,3,30
2017,Keevan Lucas,Tulsa (OK),WR,69.13,192,9.88,31.88,,4.55,11,32.5,119,4.43,7.23,,240,3250,13.5,32,4,41
2017,Josh Malone,Tennessee,WR,74.63,208,9.63,31.38,,4.4,10,30.5,121,4.19,7.05,11.32,104,1608,15.5,14,3,32
2017,Gabe Marks,Washington State,WR,70.75,189,8.75,30.38,,4.56,11,29.5,117,4.2,7.01,,316,3453,10.9,37,4,50
2017,Isaiah McKenzie,Georgia,WR,67.25,173,8.88,28.875,,4.42,11,36,123,4.15,6.64,,60,823,13.7,7,3,33
2017,Alonzo Moore,Nebraska,WR,72.88,199,9.88,31.625,,4.51,,30.5,116,4.21,6.9,,60,981,16.4,8,4,33
2017,David Moore,East Central (OK),WR,72.63,219,9.5,30.625,,4.47,25,35,121,4.42,7.09,,,,,,,
2017,Drew Morgan,Arkansas,WR,71.75,190,9.5,30.38,,4.74,10,30,112,4.12,6.85,11.31,138,1763,12.8,14,3,33
2017,Speedy Noil,Texas A&M,WR,71.13,199,9.25,30,,4.49,18,43.5,133,,,,88,1134,12.9,9,3,30
2017,Francis Owusu,Stanford,WR,74.5,221,9,32,,4.41,11,37.5,124,4.17,7.18,,34,482,14.2,3,4,24
2017,Zach Pascal,Old Dominion (VA),WR,73.75,219,10,32,,4.55,14,36,126,4.29,7.11,,193,2664,13.8,24,3,37
2017,James Quick,Louisville,WR,72.25,186,9,30.75,,4.6,11,31,115,4.39,7,,126,2032,16.1,14,4,41
2017,Michael Rector,Stanford,WR,72.13,193,9.25,32.5,,4.42,12,36.5,129,4.19,6.77,,104,1681,16.2,15,4,45
2017,Josh Reynolds,Texas A&M,WR,74.75,194,9.38,31.5,,4.52,,37,124,4.13,6.83,11.68,164,2788,17,30,3,38
2017,Jalen Robinette,Air Force,WR,74.75,220,10.88,32.38,,4.62,13,31.5,120,4.46,6.77,,120,2697,22.5,18,4,44
2017,Darreus Rogers,Southern California,WR,72.63,216,10.13,32,,4.94,8,26.5,112,4.54,7.22,11.39,127,1487,11.7,11,4,44
2017,Fred Ross,Mississippi State,WR,72.63,213,9.25,31.25,,4.51,10,35,113,4.28,6.99,,199,2528,12.7,22,4,42
2017,John Ross,Washington,WR,70.75,188,8.75,31.5,16,4.22,,37,133,4.33,,,114,1729,15.2,22,3,40
2017,Travis Rudolph,Florida State,WR,72.25,189,9.25,31.88,,4.65,12,31.5,114,4.46,6.93,,153,2311,15.1,18,3,36
2017,Curtis Samuel,Ohio State,WR,71,196,9.5,31.25,22,4.31,18,37,119,4.33,7.09,,172,1286,7.5,15,3,40
2017,Kendall Sanders,Arkansas State,WR,70.88,196,10.25,32.5,,4.6,14,37.5,125,4.66,7.66,,77,929,12.1,8,3,34
2017,Artavis Scott,Clemson,WR,70.25,193,9.38,31,,4.61,13,31,116,4.49,7.19,,245,2480,10.1,19,3,42
2017,Ricky Seals-Jones,Texas A&M,WR,76.63,243,9.63,33.13,,4.69,17,28,121,4.33,7.46,,123,1442,11.7,10,4,34
2017,R.J. Shelton,Michigan State,WR,70.25,200,9,30.25,,4.68,16,30.5,106,4.27,7.02,,116,1471,12.7,11,4,51
2017,Corey Smith,Ohio State,WR,72.25,183,9.13,30.625,,4.75,,33.5,114,4.27,7.39,,31,351,11.3,0,3,20
2017,JuJu Smith-Schuster,Southern California,WR,73.25,215,10.5,32.88,,4.54,15,32.5,120,5.01,7.04,,213,3092,14.5,25,3,40
2017,Dwayne Stanford,Oregon,WR,75.25,213,10.63,33.5,,,16,,,,,,97,1383,14.3,12,4,41
2017,Jamari Staples,Louisville,WR,75,195,9.5,33.5,,4.51,,36,130,4.14,,,113,1901,16.8,10,4,34
2017,Tony Stevens,Auburn,WR,76,212,9.63,32.375,,4.53,11,33,123,4.38,7.26,,50,751,15,5,4,23
2017,ArDarius Stewart,Alabama,WR,71.25,204,9.38,32.5,20,4.49,,34,124,4.21,,11.23,129,1713,13.3,12,3,33
2017,Damoreea Stringfellow,Mississippi,WR,73.88,218,10.63,33.25,,4.66,16,34.5,127,4.58,7.36,,102,1478,14.5,12,3,32
2017,Ryan Switzer,North Carolina,WR,68.5,181,9.25,28,,4.51,11,32,116,4,6.77,11.14,243,2903,11.9,19,4,53
2017,Taywan Taylor,Western Kentucky,WR,71,203,9.25,32.63,,4.5,13,33.5,132,4.21,6.57,,253,4234,16.7,41,4,50
2017,Trent Taylor,Louisiana Tech,WR,67.63,181,8.25,28.75,,4.63,13,33,117,4.01,6.74,,327,4179,12.8,32,4,51
2017,Noel Thomas,Connecticut,WR,72.13,205,8.75,30,,4.63,9,32.5,118,,,,183,2235,12.2,10,4,36
2017,Ryan Timmons,Kentucky,WR,70,201,8.38,29.625,,4.51,14,30.5,108,4.41,7.24,,112,1254,11.1,5,4,43
2017,Greg Ward,Houston,WR,70.5,182,9.88,31.125,,4.63,10,33,112,4.35,7.01,,,,,,,
2017,Dede Westbrook,Oklahoma,WR,71.63,178,9,30.625,,4.43,7,33,117,4.38,7.31,,126,2267,18,21,2,26
2017,Jordan Westerkamp,Nebraska,WR,71.25,194,9.38,30.5,,,,,,,,,167,2474,14.8,18,4,48
2017,Robert Wheelwright,Wisconsin,WR,73.88,205,9.13,31.875,,4.64,14,36.5,125,4.18,6.79,,69,890,12.9,6,4,23
2017,Kermit Whitfield,Florida State,WR,67.75,185,8.5,30,,4.44,8,32.5,120,4.37,7.17,,107,1427,13.3,7,4,52
2017,Chad Williams,Grambling State (LA),WR,72.5,207,9.75,32,,4.47,20,34,120,4.25,7.17,,,,,,,
2017,Jalen Williams,Massachusetts,WR,74.38,209,9.38,31,,4.59,13,39,116,,,,47,827,17.6,10,2,20
2017,Mike Williams,Clemson,WR,75.75,218,9.38,33.38,17,4.58,15,32.5,121,,,,177,2727,15.4,21,4,38
2017,Dontre Wilson,Ohio State,WR,70.13,183,8.5,30.625,,4.62,,31.5,109,4.14,7.07,,77,925,12,10,4,38
2017,Jesus Wilson,Florida State,WR,69.13,189,9.38,31.375,,4.57,10,,119,4.57,,,133,1562,11.7,8,4,38
2017,DeAngelo Yancey,Purdue,WR,73.63,220,9.75,32.875,,4.57,20,34,118,4.31,6.95,,141,2344,16.6,20,4,39
2017,Ishmael Zamora,Baylor,WR,75.5,224,8.38,33,,4.57,12,32.5,117,4.35,7.27,,72,941,13.1,10,2,20
2016,Bralon Addison,Oregon,WR,69.25,197,9.13,29.5,,4.66,13,34.5,116,4.14,6.95,11.53,146,1937,13.3,20,3,39
2016,Geronimo Allison,Illinois,WR,75.25,196,9.5,32.88,,4.67,,33,127,4.28,7.4,11.54,106,1480,14,8,2,23
2016,Robby Anderson,Temple,WR,74.88,187,8.63,30,,4.4,7,35,125,4.31,7.18,,114,1730,15.2,16,2,24
2016,Demarcus Ayers,Houston,WR,69.38,182,9.25,31.25,,4.72,,33,123,4.39,7.41,,141,1686,12,9,3,40
2016,Moritz Boehringer,Schwabisch Hall,WR,76.5,227,9.5,32.625,,4.53,16,37.5,128,4.13,6.75,,,,,,,
2016,Tyler Boyd,Pittsburgh,WR,73.5,197,9.75,32,,4.58,11,34,119,4.35,6.9,,254,3361,13.2,21,3,38
2016,Daniel Braverman,Western Michigan,WR,69.88,175,9.13,28.75,,4.57,9,27,109,4.2,6.99,,212,2499,11.8,19,3,37
2016,Chris Brown,Notre Dame,WR,74,194,9,32.25,,4.54,13,32,127,4.45,7.48,,104,1410,13.6,6,4,45
2016,Aaron Burbridge,Michigan State,WR,72,206,8.25,31.63,,4.56,20,30.5,115,4.31,7.22,11.9,165,2174,13.2,10,4,46
2016,Devon Cajuste,Stanford,WR,75.75,234,10.75,33,,4.62,12,36,123,4.2,6.49,11.5,90,1589,17.7,14,4,40
2016,Leonte Carroo,Rutgers,WR,71.88,211,9.63,31.38,,4.5,14,35.5,120,,,,122,2373,19.5,29,3,30
2016,Corey Coleman,Baylor,WR,70.63,194,9,30.25,,4.44,17,40.5,129,,,,173,3009,17.4,33,3,34
2016,Pharoh Cooper,South Carolina,WR,71.13,203,9.13,32.25,,4.69,15,31,115,4.3,7.26,,138,2163,15.7,18,3,34
2016,Cody Core,Mississippi,WR,74.63,205,10.38,32,,4.47,14,31.5,119,4.38,6.89,,83,1297,15.6,10,4,44
2016,Quinshad Davis,North Carolina,WR,75.38,218,9.63,33.375,,4.73,16,30,110,4.39,7.18,,205,2614,12.8,25,4,51
2016,Trevor Davis,California,WR,73.13,188,10,31,,4.42,11,38.5,124,4.22,6.6,10.94,109,1672,15.3,12,4,37
2016,Josh Doctson,Texas Christian,WR,74,202,9.88,31.88,,4.5,14,41,131,4.08,6.84,11.06,214,3177,14.8,34,4,45
2016,D.J. Foster,Arizona State,WR,70.25,193,9.25,30.5,,4.57,14,35.5,117,4.07,6.75,11.12,444,2355,5.3,18,4,53
2016,Devin Fuller,UCLA,WR,72,194,9.5,30.5,,4.43,,34.5,121,4.11,7.14,,146,1322,9.1,10,4,44
2016,Will Fuller,Notre Dame,WR,72.13,186,8.25,30.75,,4.32,10,33.5,126,4.27,6.93,11.44,144,2512,17.4,30,3,32
2016,Keyarris Garrett,Tulsa (OK),WR,75.38,220,9,34.5,,4.53,14,36.5,128,4.33,7.3,11.72,219,3209,14.7,22,5,46
2016,Jakeem Grant,Texas Tech,WR,65.88,165,8.63,29.75,,4.41,14,35,114,4.07,7.14,,254,3286,12.9,27,4,49
2016,Rashard Higgins,Colorado State,WR,73.38,196,9.75,32.25,,4.64,13,32,116,4.56,7.3,,238,3648,15.3,31,3,38
2016,Tyreek Hill,West Alabama,WR,68.13,185,8,30.5,,4.33,12,39,126,4.1,6.64,,,,,,,
2016,Johnny Holton,Cincinnati,WR,72.63,190,9.88,32.88,,4.54,8,31.5,123,4.24,7.01,,46,892,19.4,10,2,20
2016,Daje Johnson,Texas,WR,68.38,184,8.88,27.875,,4.52,17,36.5,119,,,,85,873,10.3,3,4,38
2016,Marcus Johnson,Texas,WR,72.88,204,9.25,31.875,,4.43,21,35.5,132,4.43,7.37,,61,793,13,4,3,28
2016,Cayleb Jones,Arizona,WR,74.63,209,9.25,32.75,,4.65,9,33.5,109,4.14,6.99,11.46,129,1926,14.9,14,2,27
2016,Malachi Jones,Appalachian State (NC),WR,73.75,211,9.63,32.25,,4.57,13,36,122,4.34,7.01,,61,1048,17.2,6,2,24
2016,Kenny Lawler,California,WR,74.5,203,10.5,33.38,,4.64,,31,111,4.2,7.13,11.28,143,1706,11.9,27,3,34
2016,Roger Lewis,Bowling Green (OH),WR,72.38,201,9.75,32,,4.57,8,33.5,116,4.49,7.69,,158,2638,16.7,23,2,28
2016,Kolby Listenbee,Texas Christian,WR,72,197,8.25,31.38,,4.39,15,35.5,129,,,,74,1432,19.4,9,4,34
2016,Ricardo Louis,Auburn,WR,73.75,215,9.5,32.38,,4.43,18,38,132,4.36,7.18,,98,1338,13.7,8,4,50
2016,Devin Lucien,Arizona State,WR,72.5,201,10.13,31.875,,4.53,12,33,114,4.34,7.04,,124,1826,14.7,12,4,42
2016,Byron Marshall,Oregon,WR,69.38,201,9.5,30.25,,4.6,17,28,108,4.23,7.1,,307,1877,6.1,19,4,42
2016,Jalin Marshall,Ohio State,WR,70.5,200,9.63,31.5,,4.6,16,37.5,125,4.13,6.8,,74,976,13.2,11,2,27
2016,Mitch Mathews,Brigham Young,WR,77.63,222,10.38,32.75,,4.53,11,34.5,126,4.29,7.1,,152,2083,13.7,24,4,51
2016,KJ Maye,Minnesota,WR,68.13,191,8.25,30.5,,4.65,9,31.5,110,4.39,7.29,,107,1190,11.1,6,4,49
2016,Mekale McKay,Cincinnati,WR,75.63,207,9.5,30.63,,4.55,12,35,123,4.63,7.08,11.89,108,2034,18.9,19,4,45
2016,Jaydon Mickens,Washington,WR,69.88,174,9,28.875,,4.58,12,34,118,3.97,6.73,,203,2187,10.8,12,4,53
2016,Braxton Miller,Ohio State,WR,73.38,201,9.13,31.75,,4.5,17,35,123,4.07,6.65,10.84,,,,,,
2016,Malcolm Mitchell,Georgia,WR,71.63,198,10.5,32.63,,4.45,15,36,129,4.34,6.94,,174,2350,13.5,16,4,45
2016,Chris Moore,Cincinnati,WR,73,206,9.38,33.38,,4.53,10,37,130,4.2,6.76,11.37,119,2301,19.3,26,4,47
2016,Joe Morrow,Mississippi State,WR,75.63,211,8.63,33.875,,,,,,,,,46,708,15.4,6,4,29
2016,Durron Neal,Oklahoma,WR,71,194,9.25,30.5,,4.58,12,31,118,4.5,7.33,,104,1323,12.7,6,4,40
2016,Dennis Norfleet,Tuskegee (AL),WR,66.25,159,8.5,27.5,,4.68,,29,112,4.36,6.88,,,,,,,
2016,Marquez North,Tennessee,WR,74.5,223,10.25,33.38,,4.48,17,35,123,4.13,6.9,,74,874,11.8,5,3,24
2016,Jordan Payton,UCLA,WR,73.13,207,10.13,32.5,,4.47,,34.5,121,4.33,7.08,,201,2701,13.4,14,4,51
2016,Charone Peake,Clemson,WR,74.38,209,9.25,34,,4.45,12,35.5,122,4.46,6.96,11.69,99,1172,11.8,10,5,49
2016,Latroy Pittman,Florida,WR,70.88,207,10,32.25,,4.73,13,27.5,100,4.79,7.39,,19,188,9.9,0,3,24
2016,Darius Powe,California,WR,74.88,220,9,33.5,,4.53,16,33,117,4.33,7.05,,104,1253,12,11,4,43
2016,Demarcus Robinson,Florida,WR,73.38,203,9.5,33,,4.59,8,34.5,123,4.19,6.77,,105,1353,12.9,9,3,27
2016,Devonte Robinson,Utah State,WR,73.25,188,8.88,30.25,,4.37,,36.5,125,4.42,7.44,,44,552,12.5,4,2,18
2016,Alonzo Russell,Toledo,WR,75.63,206,9.5,33.88,,4.54,12,29.5,112,4.33,7.18,11.88,202,3076,15.2,24,4,50
2016,Rashawn Scott,Miami (FL),WR,72.88,199,9.38,31.38,,4.58,17,32.5,116,4.37,6.99,,91,1247,13.7,8,4,29
2016,Canaan Severin,Virginia,WR,74.13,212,9.75,33.125,,,,,,,,,101,1371,13.6,13,4,40
2016,Hunter Sharp,Utah State,WR,71.5,198,9.38,31.63,,4.58,12,32.5,116,4.19,7.12,11.4,137,1774,12.9,16,2,24
2016,Tajae Sharpe,Massachusetts,WR,74,194,8.38,32.25,,4.55,11,33.5,114,,,,277,3496,12.6,16,4,47
2016,Sterling Shepard,Oklahoma,WR,70.25,194,9.75,30.38,,4.48,20,41,123,4.35,7,,233,3482,14.9,26,4,49
2016,Brandon Shippen,Temple,WR,70.63,195,9,30.375,,4.59,16,30,114,4.24,6.87,,32,453,14.2,2,3,28
2016,Nelson Spruce,Colorado,WR,73.13,206,10,30,,4.69,12,35,114,4.2,7.09,11.9,294,3347,11.4,23,4,49
2016,Michael Thomas,Ohio State,WR,74.75,212,10.5,32.13,,4.57,18,35,126,4.13,6.8,11.7,113,1602,14.2,18,3,39
2016,Mike Thomas,Southern Mississippi,WR,73.25,193,9.38,31.375,,4.58,15,34.5,123,4.3,7.17,,,,,,,
2016,Laquon Treadwell,Mississippi,WR,74,221,9.5,33.38,,4.68,12,33,117,4.34,7.15,,202,2393,11.8,21,3,35
2016,Bryce Treggs,California,WR,71.38,190,9.13,30.875,,4.43,15,32.5,119,4.23,7.11,,195,2506,12.9,15,4,46
2016,Damien Washington,North Carolina,WR,71.88,190,9,31.625,,4.51,15,33.5,119,4.35,6.93,,16,207,12.9,0,4,31
2016,Herb Waters,Miami (FL),WR,71.75,188,9.25,32.625,,4.55,13,37,118,4.14,6.84,,99,1534,15.5,9,4,42
2016,Andrew Williams,Youngstown State (OH),WR,74.63,191,9.88,31.5,,4.71,12,37,123,4.36,7.24,,,,,,,
2016,Duke Williams,Auburn,WR,74.25,229,9.25,32.5,,4.72,14,30,121,4.47,7.43,,,,,,,
2016,DeRunnya Wilson,Mississippi State,WR,76.63,224,9.25,33.88,,4.85,12,28,113,4.56,7.32,,132,1936,14.7,22,3,33
2015,Nelson Agholor,Southern California,WR,72.13,198,9.25,32.25,,4.42,12,35,122,4.38,6.94,,178,2572,14.4,20,3,40
2015,Mario Alford,West Virginia,WR,68.5,180,9.38,31.25,,4.43,13,34,121,4.07,6.64,11.22,92,1497,16.3,13,2,22
2015,Dres Anderson,Utah,WR,73.13,187,9.38,31.63,,4.53,13,,118,4.26,6.94,,134,2077,15.5,17,4,43
2015,DeJuan Beard,Washburn (KS),WR,73,195,,,,4.56,,,,,,,,,,,,
2015,Kenny Bell,Nebraska,WR,73.13,197,9.25,31.63,,4.42,7,41.5,129,4.15,6.66,11.6,181,2689,14.9,21,4,53
2015,Michael Bennett,Georgia,WR,73.63,202,10.25,33.63,,4.59,,,,,,,134,1607,12,17,4,41
2015,Da'Ron Brown,Northern Illinois,WR,72.13,205,10.25,32,,4.54,17,37,120,4.11,7.04,,,,,,,
2015,Damiere Byrd,South Carolina,WR,69.25,162,8,29.875,,4.39,12,40.5,128,4.13,6.7,,68,1265,18.6,10,4,45
2015,DeAndre Carter,Sacramento State (CA),WR,68.5,186,8.75,30.625,,4.48,16,37,123,3.84,6.75,,,,,,,
2015,Marquez Clark,Central Oklahoma,WR,70.25,190,10,32,,4.58,11,32.5,121,4.27,7.18,,,,,,,
2015,Kaelin Clay,Utah,WR,69.63,195,9,30.88,,4.51,10,33,113,4.26,6.97,,43,523,12.2,4,1,13
2015,Sammie Coates,Auburn,WR,73.38,212,9.38,33.38,14,4.43,23,41,131,4.06,6.98,11.81,82,1757,21.4,13,3,37
2015,Chris Conley,Georgia,WR,73.88,213,9.88,33.75,,4.35,18,45,139,4.3,7.06,11.65,117,1938,16.6,20,4,49
2015,Kenny Cook,Gardner-Webb (NC),WR,75.38,215,10.38,34.5,,4.56,11,31.5,117,4.41,7.24,,,,,,,
2015,Amari Cooper,Alabama,WR,72.88,211,10,31.5,21,4.42,,33,120,3.98,6.71,,228,3463,15.2,31,3,39
2015,Jamison Crowder,Duke,WR,68.38,185,8.75,30.38,,4.56,10,37,115,4.32,7.17,,283,3641,12.9,23,4,52
2015,DaVaris Daniels,Notre Dame,WR,73.5,201,9,31.25,,4.62,13,37,122,4.39,6.92,,80,1235,15.4,7,2,24
2015,Andre Davis,South Florida,WR,72.88,207,9.5,34,,4.55,,30.5,115,4.37,7.2,,153,2136,14,17,4,43
2015,Devante Davis,Nevada Las Vegas,WR,74.88,220,9.5,32.38,,4.57,16,35.5,115,4.12,7.25,11.6,186,2785,15,22,4,45
2015,Geremy Davis,Connecticut,WR,74.38,216,9.5,32.25,,4.58,23,36.5,124,4.18,6.86,11.28,165,2292,13.9,7,4,46
2015,Titus Davis,Central Michigan,WR,72.75,196,8.25,29.63,,4.51,,32.5,119,4.28,7.14,,204,3700,18.1,37,4,45
2015,Andre Debose,Florida,WR,71.63,190,8.63,32.25,,4.49,11,36,120,4.13,7.04,,30,540,18,4,4,42
2015,Stefon Diggs,Maryland,WR,72,195,10,31.25,,4.46,10,35,115,4.32,7.03,,150,2227,14.8,14,3,29
2015,Phillip Dorsett,Miami (FL),WR,69.75,185,9.38,30.25,,4.33,13,37,122,4.11,6.7,,121,2132,17.6,17,4,43
2015,Quinton Dunbar,Florida,WR,73.63,195,9.5,32.625,,4.44,6,33.5,117,4.2,7.21,,111,1500,13.5,8,4,45
2015,Lemar Durant,Simon Fraser (Canada),WR,73.63,231,10,31.125,,4.59,26,35.5,114,4.6,7.29,,,,,,,
2015,George Farmer,Southern California,WR,72.75,220,8.63,33,,4.38,18,33,120,4.31,7.11,,30,363,12.1,4,3,23
2015,Clay Fuller,Baylor,WR,73,210,,,,4.55,,,,,,,49,749,15.3,3,4,44
2015,Devin Funchess,Michigan,WR,76.25,232,9.75,33.5,,4.7,17,38.5,122,4.52,7.09,,126,1715,13.6,15,3,37
2015,Devin Gardner,Michigan,WR,75.5,217,9.5,33.125,,4.62,14,34,114,4.46,7.07,,,,,,,
2015,Keyarris Garrett,Tulsa (OK),WR,75,206,9,34.5,,4.64,14,36.5,128,4.33,7.3,11.72,219,3209,14.7,22,5,46
2015,Antwan Goodley,Baylor,WR,70.25,209,9.25,30.75,,4.44,,33.5,124,4.42,7.3,,150,2366,15.8,21,4,47
2015,Christian Green,Florida State,WR,72.75,196,9,31.25,,4.54,15,32.5,119,4.49,7.15,,48,760,15.8,1,4,38
2015,Dorial Green-Beckham,Oklahoma,WR,77.13,237,9,32.5,20,4.49,13,33.5,119,4.45,6.89,11.89,87,1278,14.7,17,2,25
2015,Deontay Greenberry,Houston,WR,73,198,9.5,31.25,,4.64,20,34,113,4.35,7.34,,201,2612,13,20,3,37
2015,Rashad Greene,Florida State,WR,71.38,182,9,31.63,24,4.53,,36.5,122,4.12,6.88,,270,3830,14.2,29,4,51
2015,Rannell Hall,Central Florida,WR,72.38,198,8.63,30.5,,4.6,16,41,132,4.15,6.86,,145,2051,14.1,9,4,49
2015,Justin Hardy,East Carolina (NC),WR,70.25,192,10,32.13,,4.56,11,36.5,114,4.21,6.63,,387,4541,11.7,35,4,49
2015,Chris Harper,California,WR,70.75,176,9.13,31.875,,4.53,10,33.5,117,4.4,7.14,,163,2030,12.5,13,3,35
2015,Josh Harper,Frenso State (CA),WR,72.88,191,8.75,30.88,,4.64,13,32,108,4.36,7.15,12.26,228,2938,12.9,29,4,42
2015,R.J. Harris,New Hampshire,WR,71.88,191,9.13,33.125,,4.68,17,36,124,4.24,7.34,,,,,,,
2015,Nick Harwell,Kansas,WR,71.25,193,9.63,30.125,,4.57,8,33,120,4.24,6.84,,273,3636,13.3,28,4,46
2015,Austin Hill,Arizona,WR,74.13,214,9.75,31.625,,4.59,16,35,118,4.15,6.83,,151,2310,15.3,17,3,37
2015,Anthony Johnson,West Texas A&M,WR,73.75,194,10.38,33,,4.56,20,24.5,102,4.83,7.93,,,,,,,
2015,Vernon Johnson,Texas A&M-Commerce,WR,72,188,9.75,31.375,,4.47,17,35.5,124,4.51,7.48,,,,,,,
2015,Chris Jones,Alabama,WR,70.13,182,9,32.75,,4.63,8,32.5,119,4.19,6.91,,85,1030,12.1,7,4,52
2015,Tebucky Jones,Fordham (NY),WR,71,197,,,,4.53,,,,,,,,,,,,
2015,Tony Jones,Northwestern,WR,71.38,197,8.88,30.75,,4.42,,,,,,,130,1445,11.1,10,4,42
2015,Malcome Kennedy,Texas A&M,WR,71.25,207,9.75,31.25,,4.57,9,30,116,4.3,7.21,,150,1694,11.3,15,4,48
2015,Nigel King,Kansas,WR,74.13,213,9.5,31.625,,4.57,14,38,125,4.42,,,72,1112,15.4,6,3,34
2015,Jake Kumerow,Wisconsin-Whitewater,WR,76.5,209,9.5,31.875,,4.54,14,29.5,110,4.3,7.01,,,,,,,
2015,Dez Lewis,Central Arkansas,WR,75.75,214,9.88,32.5,,4.58,16,33.5,119,4.28,7.11,,,,,,,
2015,Jameon Lewis,Mississippi State,WR,68.25,184,9.25,29.25,,4.57,10,27.5,107,4.47,7.32,,113,1554,13.8,8,4,48
2015,Tony Lippett,Michigan State,WR,74.5,192,9.88,32.75,,4.61,10,36,114,4.13,6.92,11.44,149,2247,15.1,15,4,52
2015,Tyler Lockett,Kansas State,WR,69.88,182,8.38,30,,4.4,,35.5,121,4.07,6.89,11.14,249,3710,14.9,29,4,47
2015,Deon Long,Maryland,WR,71.63,192,9.5,31,,4.51,12,34,120,4.27,6.98,,130,1873,14.4,7,3,30
2015,Keanon Lowe,Oregon,WR,68.88,186,8.75,30.375,,4.46,9,34,105,4.37,7.05,,68,891,13.1,11,4,43
2015,Donatella Luckett,Harding (AR),WR,71.75,211,9.25,31,,4.65,17,34,118,4.5,7.51,,,,,,,
2015,Kevonte Martin-Manley,Iowa,WR,72.13,205,9.38,32.125,,4.56,,34,121,4.25,7.05,,174,1799,10.3,12,4,50
2015,Vince Mayle,Washington State,WR,74,224,9,31.75,,4.67,,35.5,117,4.13,6.93,,148,2022,13.7,16,2,23
2015,Tre McBride,William & Mary (VA),WR,72.25,210,9,32.13,,4.41,16,38,122,4.08,6.96,11.7,,,,,,
2015,Justin McCay,Kansas,WR,74.13,210,9,33.25,,4.54,11,31.5,110,4.62,7.44,,27,273,10.1,3,2,19
2015,Matt Miller,Boise State,WR,74.88,220,8.88,32.5,,4.79,8,32.5,111,4.47,7.23,,244,3049,12.5,29,4,44
2015,Matt Milton,Louisville,WR,77.38,205,8.88,34,,4.62,15,34.5,123,4.57,7.03,,5,103,20.6,0,3,11
2015,Ty Montgomery,Stanford,WR,71.88,221,10.13,31,,4.55,15,40.5,121,4.21,6.97,11.57,172,2125,12.4,15,4,49
2015,Keith Mumphery,Michigan State,WR,71.63,215,9.13,31.13,,4.54,14,32.5,121,4.25,7.07,,88,1348,15.3,7,4,51
2015,J.J. Nelson,Alabama-Birmingham,WR,70.25,156,8.25,31.13,,4.28,,36,127,4.15,7.02,11.89,116,2273,19.6,20,4,44
2015,Levi Norwood,Baylor,WR,72.5,193,9.63,30.875,,4.52,,33,120,4.23,6.89,,128,1626,12.7,11,4,49
2015,DeVante Parker,Louisville,WR,74.63,209,9.25,33.25,15,4.45,17,36.5,125,,,,156,2775,17.8,33,4,42
2015,Breshad Perriman,Central Florida,WR,74,212,9.25,32,,4.52,17,35,124,,,,115,2243,19.5,16,3,39
2015,Shakim Phillips,Boston College,WR,73,206,9.5,32.375,,4.42,16,37.5,124,4.37,7.08,,73,1087,14.9,8,3,26
2015,Kyle Prater,Northwestern,WR,77.13,228,10.38,33.25,,4.58,19,29.5,118,4.28,7.18,,71,654,9.2,2,4,40
2015,Addison Richards,Regina (Canada),WR,76.38,209,8.25,30.5,,4.67,,,,,,,,,,,,
2015,Jamal Robinson,Louisiana-Lafayette,WR,75,205,,,,4.57,,,,,,,155,2650,17.1,20,5,50
2015,Ezell Ruffin,San Diego State,WR,71.63,218,8.75,31.13,,4.68,17,27.5,110,4.58,7.35,12.59,111,1877,16.9,5,3,32
2015,Dominic Rufran,Wyoming,WR,71.5,188,9.13,30.5,,4.55,17,32,118,4.33,7.32,,203,2492,12.3,15,4,49
2015,Bud Sasser,Missouri,WR,74.63,210,10.13,33,,4.62,17,33,117,4.42,6.99,,116,1611,13.9,14,4,48
2015,Ross Scheuerman,Lafayette (PA),WR,71.88,204,8.75,30,,4.62,15,33,121,4.11,7.08,11.4,,,,,,
2015,Dawon Scott,Miami (OH),WR,71,194,,,,4.54,,,,,,,,,,,,
2015,Jaxon Shipley,Texas,WR,72.13,193,9.25,30.875,,4.54,9,34,125,4.41,6.93,,218,2510,11.5,11,4,48
2015,Tommy Shuler,Marshall (WV),WR,67,188,,,,4.68,,,,,,,322,3563,11.1,25,4,50
2015,DeAndre Smelter,Georgia Tech,WR,74.13,226,11,32.63,,4.58,,,,,,,56,1060,18.9,11,2,22
2015,Devin Smith,Ohio State,WR,72.38,196,9,31,,4.42,10,39,122,4.15,6.94,,121,2503,20.7,30,4,53
2015,Evan Spencer,Ohio State,WR,73.38,208,10.13,31.875,,4.54,19,33.5,121,4.33,7.14,,52,579,11.1,7,4,43
2015,Neal Sterling,Monmouth (NJ),WR,75.38,238,9.63,33.125,,4.63,15,34,113,4.29,7.18,,,,,,,
2015,Jaelen Strong,Arizona State,WR,74.38,217,9,32.5,22,4.44,,42,123,4.25,7.45,,157,2287,14.6,17,2,26
2015,Tacoi Sumler,Appalachian State (NC),WR,67.63,175,9.25,29.375,,4.42,12,31.5,115,4.44,7.07,,13,142,10.9,2,1,8
2015,Jordan Taylor,Rice (TX),WR,76.38,204,9.25,32.75,,4.54,8,35,119,4.5,6.8,,176,2588,14.7,20,4,42
2015,Darren Waller,Georgia Tech,WR,78.13,238,9,33.25,,4.46,12,37,125,4.25,7.07,11.35,51,971,19,9,3,33
2015,Jarrod West,Syracuse,WR,73.88,209,10.25,30.75,,4.53,18,34,119,4.23,7.17,,134,1836,13.7,4,4,44
2015,Brandon White,San Diego,WR,74.13,205,,,,,,,,,,,,,,,,
2015,Darius White,Missouri,WR,75,208,9.38,31.75,,4.56,12,36,121,4.63,7.23,,43,519,12.1,6,4,37
2015,DeAndrew White,Alabama,WR,71.5,193,9.13,31,,4.44,,34.5,118,4.18,6.97,,94,1294,13.8,12,4,40
2015,Kevin White,West Virginia,WR,74.63,215,9.25,32.63,,4.35,23,36.5,123,4.14,6.92,11.52,144,1954,13.6,15,2,23
2015,Jackie Williams,Central Florida,WR,69.63,190,9.13,31.25,,4.59,16,38,126,4.38,6.69,,147,1789,12.2,5,4,43
2015,Kasen Williams,Washington,WR,73.5,219,9.25,32.625,,4.54,16,34,116,4.51,7.16,,162,1915,11.8,15,4,43
2015,Tyrell Williams,Western Oregon,WR,75.5,204,9.88,33.5,,4.43,,38,124,4.21,6.85,,,,,,,
2015,Demetrius Wilson,Arkansas,WR,73.38,185,9.25,31,,4.49,3,33.5,121,4.38,6.76,,26,337,13,2,2,20
2015,Cam Worthy,East Carolina (NC),WR,74.25,211,10.13,33.5,,4.59,12,,,,,,74,1311,17.7,6,2,22
2015,J.J. Worton,Central Florida,WR,73,209,9.88,30.75,,4.63,,,,,,,168,2360,14,21,4,49
2015,Shane Wynn,Indiana,WR,66,167,8.88,29.5,,4.38,12,34.5,117,4.29,7,,189,2198,11.6,20,4,48
2014,Jared Abbrederis,Wisconsin,WR,73,195,9.63,31.38,32,4.5,4,30.5,116,4.08,6.8,11.39,202,3140,15.5,23,4,53
2014,Davante Adams,Frenso State (CA),WR,72.88,212,9,32.63,,4.56,14,39.5,123,4.3,6.82,,233,3031,13,38,2,26
2014,Torrence Allen,West Texas A&M,WR,72,183,8.88,32.375,,4.45,14,38.5,126,4.6,7.25,,,,,,,
2014,Dri Archer,Kent State (OH),WR,67.75,173,8.88,31,,4.26,20,38,122,4.06,6.86,,325,2342,7.2,24,4,47
2014,Odell Beckham,Louisiana State,WR,71.25,198,10,32.75,,4.43,7,38.5,122,3.94,6.69,10.93,143,2340,16.4,12,3,40
2014,Kelvin Benjamin,Florida State,WR,77,240,10.25,34.88,7,4.61,13,32.5,117,4.39,7.33,12.08,84,1506,17.9,19,2,28
2014,Chris Boyd,Vanderbilt,WR,76,206,9.63,32.63,,4.73,12,,,,,,81,1247,15.4,13,2,26
2014,Corey Brown,Ohio State,WR,71.38,178,9.38,31.75,,4.51,,33,115,4.22,7.16,11.94,145,1750,12.1,15,4,52
2014,John Brown,Pittsburg State (KS),WR,70,179,8.5,30.5,,4.34,7,36.5,117,4.12,6.91,11.4,,,,,,
2014,Martavis Bryant,Clemson,WR,75.75,211,9.5,32.63,14,4.42,16,39,123,4.15,7.18,,61,1354,22.2,13,3,37
2014,Isaiah Burse,Frenso State (CA),WR,70.38,188,8.38,30.25,,4.58,16,31,114,3.94,6.74,11.53,210,2503,11.9,15,4,52
2014,Trey Burton,Florida,WR,74.13,224,9.38,31,,4.62,,30,111,4.32,7.14,,153,720,4.7,16,4,50
2014,Michael Campanaro,Wake Forest,WR,69.38,192,9.75,30,,4.46,20,39,122,4.01,6.77,,229,2506,10.9,14,4,42
2014,Brandon Coleman,Rutgers,WR,78,225,9.25,34,,4.56,21,32.5,,4.51,7.33,,94,1808,19.2,20,3,38
2014,Kain Colter,Northwestern,WR,70.5,198,10,31,,4.75,10,,,4.24,6.79,,63,683,10.8,4,4,39
2014,Brandin Cooks,Oregon State,WR,69.75,189,9.63,30.75,,4.33,16,36,120,3.81,6.76,10.72,226,3272,14.54,24,3,38
2014,Damian Copeland,Louisville,WR,71,184,9,31.38,,4.5,12,40,120,3.9,6.53,10.84,116,1521,13.1,7,3,34
2014,Mike Davis,Texas,WR,72,197,9.38,30.25,,4.52,10,34,116,4.18,7,11.65,200,2753,13.8,18,4,49
2014,Bruce Ellington,South Carolina,WR,69.38,197,9.63,31,,4.45,15,39.5,120,3.95,6.69,11.12,106,1586,15,16,3,38
2014,Quincy Enunwa,Nebraska,WR,74,225,9.5,32.63,,4.41,19,,,,,,115,1526,13.3,15,4,49
2014,Mike Evans,Texas A&M,WR,76.75,231,9.63,35.13,25,4.53,12,37,,4.26,7.08,11.58,151,2499,16.5,17,2,26
2014,Shaquelle Evans,UCLA,WR,73.25,213,9.38,32,,4.51,13,34.5,122,4.21,7.07,,133,1956,14.7,14,4,46
2014,Bennie Fowler,Michigan State,WR,73.25,217,9.5,32,,4.52,17,36,125,4.18,7.06,11.52,93,1341,14.4,11,4,43
2014,Austin Franklin,New Mexico State,WR,70.63,189,10,31.25,,4.56,7,36,123,4.33,7.07,11.7,160,2439,15.2,19,3,33
2014,Jeremy Gallon,Michigan,WR,67.5,185,9.38,29.5,,4.49,15,38,127,4.3,7.18,,173,2704,15.6,17,4,51
2014,Ryan Grant,Tulane (LA),WR,72.38,199,9.63,31,,4.64,8,35.5,117,4.11,6.68,11.63,196,2769,14.1,21,5,47
2014,Matt Hazel,Coastal Carolina (SC),WR,73,198,9.13,31.38,,4.5,15,36.5,116,4.2,7.08,11.6,,,,,,
2014,Robert Herron,Wyoming,WR,69.13,193,9.75,30.5,,4.48,18,35.5,124,4.27,6.84,,152,2025,13.3,20,4,42
2014,Cody Hoffman,Brigham Young,WR,75.88,223,9.75,33.25,,4.65,13,27.5,108,4.2,6.89,,260,3612,13.9,33,4,50
2014,Josh Huff,Oregon,WR,71.25,206,9.38,31.25,,4.51,14,35.5,115,4.16,7.07,,144,2366,16.4,24,4,49
2014,Allen Hurns,Miami (FL),WR,73.25,198,9.25,32,,4.55,14,31,120,4.5,7.23,,121,1891,15.6,14,4,46
2014,Jeff Janis,Saginaw Valley State (MI),WR,74.88,219,9,32.5,,4.42,20,37.5,123,3.98,6.64,,,,,,,
2014,T.J. Jones,Notre Dame,WR,71.63,188,10,30.625,,4.48,,33,117,4.27,6.82,,181,2429,13.4,19,4,51
2014,Jarvis Landry,Louisiana State,WR,71.5,205,10.25,31.75,,4.65,12,28.5,110,4.63,7.67,,137,1809,13.2,15,3,40
2014,Cody Latimer,Indiana,WR,74.5,215,9.63,32.63,,4.52,23,37.5,,,,,135,2042,15.1,17,3,32
2014,Marqise Lee,Southern California,WR,71.75,192,9.5,31.75,,4.52,10,38,126,4.01,7.07,,248,3655,14.7,29,3,36
2014,Marcus Lucas,Missouri,WR,75.75,218,9.38,33.63,,4.6,20,36,123,4.25,7.07,,130,1638,12.6,11,4,49
2014,Jordan Matthews,Vanderbilt,WR,75.13,212,10.38,33.25,29,4.46,21,35.5,120,4.18,6.95,11.84,262,3759,14.3,24,4,51
2014,Donte Moncrief,Mississippi,WR,74.38,221,9.13,32.38,,4.4,13,39.5,132,4.3,7.02,,156,2371,15.2,20,3,38
2014,Kevin Norwood,Alabama,WR,74,198,10,32.13,,4.48,8,33,121,4.32,6.68,11.46,81,1275,15.7,12,4,49
2014,Walter Powell,Murray State (KY),WR,71.38,189,9.5,31.625,,4.63,10,31.5,120,4.23,6.7,,,,,,,
2014,Tevin Reese,Baylor,WR,70.5,163,8.63,31.63,,4.46,,41,132,4.18,6.63,,187,3102,16.6,24,4,47
2014,Paul Richardson,Colorado,WR,72.38,175,8.88,32.63,,4.4,,38,123,4.27,7.09,,156,2412,15.5,21,3,33
2014,Allen Robinson,Penn State,WR,74.63,220,9.5,32,,4.6,,39,126,4,7,11.36,177,2479,14,17,3,35
2014,Jalen Saunders,Oklahoma,WR,68.88,165,8.88,30,,4.44,,34,122,4.38,7.4,,203,3085,15.2,26,4,48
2014,Willie Snead,Ball State (IN),WR,71,195,10.25,33,,4.62,11,33.5,112,4.39,7.19,11.96,223,2991,13.4,26,3,37
2014,Josh Stewart,Oklahoma State,WR,69.88,178,9.38,30,,4.69,11,35,116,4.33,7.1,,180,2204,12.2,12,3,38
2014,Devin Street,Pittsburgh,WR,74.88,198,9.25,33.38,,4.55,,37,123,4.01,6.89,,202,2901,14.4,16,4,49
2014,L'Damian Washington,Missouri,WR,75.88,195,9,33.38,,4.46,8,32,114,4.35,7.19,,100,1735,17.4,15,4,50
2014,Sammy Watkins,Clemson,WR,72.75,211,9.63,32,,4.43,16,34,125,4.34,6.95,,240,3391,14.1,27,3,36
2014,Albert Wilson,Georgia State,WR,69.38,202,9.13,30.38,,4.43,10,37.5,123,4.21,7,,71,1177,16.6,8,1,12
2013,Keenan Allen,California,WR,74,206,10,32.75,,,,,,,,,205,2570,12.5,17,3,33
2013,Tavon Austin,West Virginia,WR,68.5,174,9.18,30.08,7,4.34,14,32,120,4.01,,,288,3413,11.9,29,4,52
2013,Stedman Bailey,West Virginia,WR,70.25,193,9.78,32.68,,4.52,11,34.5,117,4.09,6.81,,210,3218,15.3,41,3,39
2013,Alan Bonner,Jacksonville State (AL),WR,70.25,193,9.38,30.28,,4.59,14,33,117,4.15,7.15,,,,,,,
2013,Josh Boyce,Texas Christian,WR,71.13,206,9.28,31.28,,4.38,22,34,131,4.1,6.68,11.26,161,2535,15.7,22,3,39
2013,Justin Brown,Oklahoma,WR,75.13,207,9.63,32,,4.64,7,29,114,4.35,7.07,,146,1926,13.2,8,4,49
2013,Marlon Brown,Georgia,WR,75.88,213,8.38,32.75,,,9,,,,,,55,851,15.5,8,4,40
2013,Brice Butler,San Diego State,WR,75.25,214,9.38,34.5,,4.41,,37.5,126,4.44,6.81,,65,901,13.9,7,4,49
2013,Jasper Collins,Mount Union (OH),WR,70.25,180,9.13,29.5,,4.51,11,33,118,4.11,6.96,,,,,,,
2013,Marcus Davis,Virginia Tech,WR,75,233,10.28,32.68,,4.56,19,39.5,120,4.24,7.15,,105,1827,17.4,13,4,53
2013,Aaron Dobson,Marshall (WV),WR,74.75,210,9,33,,4.41,15,33.5,118,4.37,7.3,,165,2398,14.5,24,4,47
2013,Kevin Dorsey,Maryland,WR,73.38,207,9.63,33.75,,4.51,16,36.5,127,4.32,7.19,,81,1088,13.4,9,4,47
2013,Corey Fuller,Virginia Tech,WR,74.25,204,9.48,33.28,,4.43,12,31.5,120,4.52,7.28,,45,834,18.5,6,2,20
2013,Tyrone Goard,Eastern Kentucky,WR,75.75,205,8.68,34.08,,4.5,10,36,123,4.39,6.9,,,,,,,
2013,Marquise Goodwin,Texas,WR,68.88,183,8.58,31.48,,4.27,13,40.5,132,4.13,6.77,,120,1364,11.4,7,4,50
2013,Cobi Hamilton,Arkansas,WR,73.75,212,8.68,32.48,,4.56,11,29.5,107,4.31,7.2,,175,2854,16.3,18,4,51
2013,Chris Harper,Kansas State,WR,72.75,229,9.68,32.68,33,4.55,20,35.5,116,4.39,6.89,,123,1734,14.1,12,3,39
2013,Mark Harrison,Rutgers,WR,74.88,231,9.58,35.08,,4.46,17,38.5,129,4.33,6.99,11.72,107,1769,16.5,18,4,45
2013,DeAndre Hopkins,Clemson,WR,73,214,10.08,33.38,,4.57,15,36,115,4.5,6.94,,206,3020,14.7,27,3,39
2013,Justin Hunter,Tennessee,WR,76,196,9.38,33.28,12,4.44,,39.5,136,4.33,7.3,,106,1812,17.1,18,3,38
2013,Charles Johnson,,WR,74,215,9.25,30.5,,4.43,13,38,130,4.35,7.15,,,,,,,
2013,Darius Johnson,Southern Methodist (TX),WR,69,179,9.18,30.28,,4.6,6,32,109,4.53,7.4,,232,2854,12.3,20,4,42
2013,Brandon Kaufman,Eastern Washington,WR,77,216,9.28,32.28,,4.67,9,33.5,115,4.44,7.11,12.14,,,,,,
2013,Tavarres King,Georgia,WR,72.25,189,9.48,33.08,,4.47,11,36.5,123,4.33,6.91,,136,2602,19.1,21,5,56
2013,Alec Lemon,Syracuse,WR,73.25,202,8.48,31.18,,4.59,7,32,112,4.29,7.04,,201,2596,12.9,18,4,47
2013,Aaron Mellette,Elon (NC),WR,74.38,217,9.58,33.18,,4.54,9,33.5,123,4.41,7.11,,,,,,,
2013,T.J. Moe,Missouri,WR,71.5,204,9.78,30.18,,4.74,26,36,120,3.96,6.53,10.87,188,2101,11.2,11,4,47
2013,Cordarrelle Patterson,Tennessee,WR,73.88,216,9.08,31.68,11,4.42,,37,128,4.44,7.39,,46,778,16.9,5,1,12
2013,Quinton Patton,Louisiana Tech,WR,72,204,9.38,32.78,,4.53,8,33,118,4.01,6.91,,183,2594,14.2,24,2,25
2013,Denard Robinson,Michigan,WR,70.5,199,9.08,32.58,,4.43,,36.5,123,4.22,7.09,,,,,,,
2013,DaRick Rogers,Tennessee Tech,WR,74.5,217,9.48,32.68,,4.52,10,39.5,132,4.06,6.71,11.31,,,,,,
2013,Zach Rogers,Tennessee,WR,72.13,182,9.38,30.5,,4.5,12,30.5,112,4.26,6.87,,63,906,14.4,9,4,48
2013,Lanear Sampson,Baylor,WR,71.13,204,9.28,30.68,,4.46,20,33.5,119,4.38,7.1,11.87,165,1905,11.5,11,4,50
2013,Ace Sanders,South Carolina,WR,67,173,8.78,29.48,,4.58,7,32,117,4.37,6.81,11.29,99,1230,12.4,13,3,40
2013,Mike Smith,Kansas,WR,72,197,9.75,31,,4.63,9,31.5,115,4.41,7.14,,,,,,,
2013,Rodney Smith,Florida State,WR,76.38,225,10.38,34.68,,4.51,,34.5,120,4.07,7.03,11.84,106,1540,14.5,10,4,48
2013,Ryan Spadola,Lehigh (PA),WR,73.25,204,9.68,30.68,,4.48,15,33.5,119,4.07,6.72,11.35,,,,,,
2013,Kenny Stills,Oklahoma,WR,72.5,194,9.08,30.48,,4.38,16,33.5,124,4.35,7.24,,204,2594,12.7,24,3,38
2013,Ryan Swope,Texas A&M,WR,72.13,205,8.48,31.38,,4.34,16,37,125,4.25,6.76,,252,3117,12.4,24,4,51
2013,Kenbrell Thompkins,Cincinnati,WR,72.63,193,8.68,32.28,,4.54,8,33.5,121,4.21,6.88,11.9,78,1077,13.8,4,2,26
2013,Conner Vernon,Duke,WR,72.25,196,9.28,30.48,,4.68,,32.5,125,4.22,6.93,11.34,283,3749,13.2,21,4,48
2013,Markus Wheaton,Oregon State,WR,71,189,9.18,32.68,,4.45,20,37,120,4.02,6.8,11.16,227,2994,13.2,16,4,49
2013,Terrance Williams,Baylor,WR,74,208,8.68,31.28,,4.52,11,32.5,119,4.32,7.01,11.5,202,3334,16.5,27,4,51
2013,Marquess Wilson,Washington State,WR,74.63,194,9.28,31.18,,4.51,7,34.5,122,4.33,6.65,,189,3207,17,23,3,33
2013,Robert Woods,Southern California,WR,72.38,201,9.28,31.08,23,4.51,14,33.5,117,4.47,7.15,,252,2930,11.6,32,3,38
2012,Joe Adams,Arkansas,WR,70.63,179,9.38,31.88,,4.51,6,36,123,4.22,7.09,,164,2410,14.7,17,4,47
2012,Tim Benford,Tennessee Tech,WR,71.25,205,8.88,33.125,,4.51,15,31.5,118,4.39,7.41,,,,,,,
2012,Travis Benjamin,Miami (FL),WR,69.88,172,8.75,31.75,,4.31,14,38,119,4.21,7.07,,131,2146,16.4,13,4,49
2012,Justin Blackmon,Oklahoma State,WR,72.88,207,9.25,32.5,,4.48,14,33.5,120,4.42,7.24,,253,3564,14.1,40,3,38
2012,Jarrett Boykin,Virginia Tech,WR,73.75,217,10.25,32.25,,4.62,11,36,123,4.28,7.12,11.22,184,2884,15.7,18,4,54
2012,LaVon Brazill,Ohio,WR,70.63,192,9.75,32,,4.43,11,32.5,115,4.41,,,187,2515,13.4,18,5,49
2012,Ryan Broyles,Oklahoma,WR,70.13,192,9,30.25,,4.57,21,,,,,,349,4586,13.1,45,4,48
2012,Brandon Carswell,Southern California,WR,73,201,,,,4.51,17,32.5,109,4.26,7.15,,40,386,9.7,2,4,44
2012,Greg Childs,Arkansas,WR,75.13,219,10.13,34.13,,4.52,19,36.5,125,4.13,7.01,,133,2066,15.5,15,4,44
2012,Toney Clemons,Colorado,WR,74.13,210,,,,4.44,10,34.5,125,4.37,7.04,,98,1268,12.9,11,4,43
2012,Danny Coale,Virginia Tech,WR,71.88,201,9.13,30.63,,4.42,12,35,115,4.15,6.69,11.22,165,2658,16.1,8,4,55
2012,Josh Cooper,Oklahoma State,WR,70.63,190,9.5,31,,4.65,11,30,112,4.39,7.23,,161,1695,10.5,9,4,46
2012,Juron Criner,Arizona,WR,74.5,224,10.5,32,,4.66,17,38,117,4.3,7.15,,209,2859,13.7,32,4,50
2012,B.J. Cunningham,Michigan State,WR,73.38,211,8.13,33,,4.52,12,31.5,116,4.35,7.1,,218,3086,14.2,25,4,51
2012,Jeremy Ebert,Northwestern,WR,70.75,200,,,,4.42,15,31.5,109,4.19,6.81,,173,2400,13.9,21,4,52
2012,Patrick Edwards,Houston,WR,69.25,172,8.38,29.63,,4.58,4,32,115,4.24,7.23,,291,4507,15.5,43,4,48
2012,Michael Floyd,Notre Dame,WR,74.63,220,9.38,32.88,,4.4,16,36.5,122,4.41,7.22,,271,3686,13.6,37,4,43
2012,Jeff Fuller,Texas A&M,WR,76.13,223,9.88,33.63,,4.58,17,30.5,117,4.46,7.2,,233,3092,13.3,34,4,46
2012,Chris Givens,Wake Forest,WR,71.13,198,8.25,31.25,,4.35,19,33.5,118,4.23,6.97,,163,2473,15.2,21,3,36
2012,T.J. Graham,North Carolina State,WR,71.38,188,9,32.75,,4.34,8,33.5,120,4.18,6.77,,137,3153,23,2,4,46
2012,Darius Hanks,Alabama,WR,71.63,184,9.5,31.75,,4.52,11,34,117,4.32,6.98,,84,1150,13.7,7,5,45
2012,Junior Hemingway,Michigan,WR,72.88,225,9.63,32.5,,4.48,21,35.5,124,3.98,6.59,11.16,88,1638,18.6,11,5,47
2012,Stephen Hill,Georgia Tech,WR,76,215,9.38,33.38,,4.28,14,39.5,133,4.48,6.88,11.43,49,1248,25.5,9,3,38
2012,T.Y. Hilton,Florida International,WR,69.5,183,8.5,32,,4.37,6,34,116,4.4,7.14,,229,3531,15.4,24,4,50
2012,Jerrell Jackson,Missouri,WR,72.25,196,9.25,32.88,,4.5,22,41,127,4.11,6.82,11.08,113,1434,12.7,6,4,49
2012,Alshon Jeffery,South Carolina,WR,74.88,216,10.25,33,,4.48,,35,119,4.21,6.82,,183,3042,16.6,23,3,40
2012,A.J. Jenkins,Illinois,WR,72.25,190,9.5,32.75,,4.37,12,38.5,124,4.16,6.84,,167,2432,14.6,19,4,46
2012,Dwight Jones,North Carolina,WR,75.25,230,9,34,,4.51,14,33,109,,,,152,2163,14.2,16,3,36
2012,Marvin Jones,California,WR,73.88,199,10,33.13,,4.46,22,33,112,4.11,6.81,11.47,156,2270,14.6,13,4,43
2012,Jermaine Kearse,Washington,WR,72.88,209,9.25,32.13,,4.5,14,34,119,4.12,7.03,,180,2871,16,29,4,50
2012,Keshawn Martin,Michigan State,WR,71.5,188,9.25,31.5,,4.42,13,39.5,122,4.13,6.85,11.16,127,1714,13.5,10,4,48
2012,Rishard Matthews,Nevada,WR,72.38,217,9.13,32.5,,4.54,20,36,120,4.19,6.88,11.25,147,2243,15.3,13,2,26
2012,Marquis Maze,Alabama,WR,68.13,186,9,29.75,,4.51,,33.5,112,4.37,7.01,,136,1844,13.6,8,4,53
2012,Marvin McNutt,Iowa,WR,74.75,216,10,32,,4.48,,37,122,4.07,7.15,11.62,170,2861,16.8,28,4,42
2012,Kashif Moore,Connecticut,WR,69,180,9.63,31,,4.36,19,43.5,126,4.05,6.82,,126,1699,13.5,13,4,50
2012,Derek Moye,Penn State,WR,76.25,209,8.25,32.75,,4.46,10,33.5,115,4.23,7.07,,144,2395,16.6,18,4,47
2012,Chris Owusu,Stanford,WR,72.13,196,8.5,31.75,,4.31,19,40.5,129,4.11,6.85,11.22,102,1534,15,10,4,35
2012,Eric Page,Toledo,WR,68.88,186,9,29,,4.5,15,30,112,3.98,6.95,11.47,306,3446,11.3,25,3,38
2012,DeVier Posey,Ohio State,WR,73.63,211,9.63,31.63,,4.39,14,36.5,123,4.15,7.03,,136,1955,14.4,18,4,42
2012,Brian Quick,Appalachian State (NC),WR,75.5,220,9.75,34.25,,4.5,15,34,119,4.23,7.1,,,,,,,
2012,Rueben Randle,Louisiana State,WR,74.88,210,9.5,33,,4.55,15,31,121,4.36,6.99,11.78,97,1634,16.8,13,3,40
2012,Gerell Robinson,Arizona State,WR,75.13,227,10.13,33,,4.54,,35.5,113,4.15,7.21,,135,2071,15.3,12,4,46
2012,James Rodgers,Oregon State,WR,66.75,184,8.75,29.63,,4.61,19,37,115,4.23,7.04,,222,2578,11.6,19,5,51
2012,Mohamed Sanu,Rutgers,WR,73.5,211,10.13,33.5,,4.62,19,36,126,4.22,6.88,,210,2263,10.8,12,3,38
2012,Tommy Streeter,Miami (FL),WR,76.88,219,9.5,34.75,,4.37,17,33,125,4.4,7.08,,52,967,18.6,9,3,30
2012,Julian Talley,Massachusetts,WR,72.88,190,,,,4.61,13,40,125,4.13,6.76,,,,,,,
2012,Nick Toon,Wisconsin,WR,73.88,215,9,32.5,,4.49,18,37.5,127,,,,171,2447,14.3,18,4,47
2012,Jordan White,Western Michigan,WR,71.75,208,9.25,31.5,,4.63,14,35,119,4.13,6.84,11.4,306,4187,13.7,32,4,43
2012,Jarius Wright,Arkansas,WR,69.63,182,8.5,31.5,,4.39,11,38,120,4.03,6.93,,168,2934,17.5,24,4,50
2012,Kendall Wright,Baylor,WR,70.25,196,8.63,30.5,,4.49,3,38.5,121,4.18,6.93,,302,4004,13.3,30,4,50
2012,Devon Wylie,Frenso State (CA),WR,69.25,187,9.5,30.25,,4.36,17,39,123,4.2,6.93,,98,1327,13.5,8,5,43
2011,Darvin Adams,Auburn,WR,74.13,190,9.25,34,,4.56,,33.5,114,4.37,7.09,,115,1978,17.2,17,3,37
2011,Jon Baldwin,Pittsburgh,WR,76.38,228,10.13,33.63,14,4.49,20,42,129,4.34,7.07,11.4,128,2337,18.3,16,3,39
2011,Armon Binns,Cincinnati,WR,75,209,9.5,32.5,,4.5,13,31.5,118,4.31,6.86,,138,2008,14.6,21,4,41
2011,DeAndre Brown,Southern Mississippi,WR,77.63,233,9.63,33.25,,4.59,20,29,117,4.33,6.93,,134,2207,16.5,24,3,30
2011,Vincent Brown,San Diego State,WR,71.25,187,10.25,33,,4.68,12,33.5,121,4.25,6.64,,209,3110,14.9,23,4,44
2011,Stephen Burton,West Texas A&M,WR,73.38,221,9.13,32,,4.5,19,34.5,117,4.31,7.04,,,,,,,
2011,Randall Cobb,Kentucky,WR,70.25,191,9.38,31,,4.46,16,33.5,115,4.34,7.08,11.56,228,1313,5.8,22,3,36
2011,Mark Dell,Michigan State,WR,72.25,193,9.5,32.75,,4.54,14,31.5,114,4.19,7,,133,2136,16.1,12,4,47
2011,Tandon Doss,Indiana,WR,74,201,10.13,31.25,,4.56,14,32,113,4.26,7.02,,154,1854,12,13,3,31
2011,Kris Durham,Georgia,WR,77.25,216,,,,4.5,16,34.5,118,4.45,7,,64,1109,17.3,4,4,47
2011,Edmond Gates,Abilene Christian (TX),WR,71.75,192,9.38,30.75,,4.49,16,40,131,4.21,6.98,,,,,,,
2011,A.J. Green,Georgia,WR,75.63,211,9.25,34.38,10,4.48,18,34.5,126,4.21,6.91,11.46,166,2619,15.8,23,3,32
2011,Tori Gurley,South Carolina,WR,76.13,216,9.75,35,,4.53,15,33.5,118,4.25,7.05,11.6,75,905,12.1,6,2,27
2011,Jamel Hamler,Frenso State (CA),WR,73,193,10,32.25,,4.68,4,32,112,4.18,7.16,,96,1395,14.5,11,3,36
2011,Leonard Hankerson,Miami (FL),WR,73.5,209,10.63,32.25,,4.4,14,36,117,4.21,6.94,11.37,134,2160,16.1,22,4,42
2011,Dwayne Harris,East Carolina (NC),WR,70.38,203,10.13,31.13,,4.53,10,34,111,4.21,6.77,11.68,268,3001,11.2,20,4,50
2011,Andre Holmes,Hillsdale (MI),WR,76.38,210,8.63,34,,4.51,11,35,130,4.31,6.69,11.4,,,,,,
2011,Lestar Jean,Florida Atlantic,WR,75,215,9,33,,4.61,14,37.5,113,4.43,7.45,11.68,,,,,,
2011,Jerrel Jernigan,Troy (AL),WR,68.88,185,9.25,32,,4.46,11,37.5,117,4.25,7.07,11.57,262,3128,11.9,18,4,50
2011,Ronald Johnson,Southern California,WR,71.25,199,9,30.75,,4.46,16,36,121,4.32,6.75,,138,1750,12.7,20,4,47
2011,Julio Jones,Alabama,WR,74.75,220,9.75,33.75,,4.34,17,38.5,135,4.25,6.66,11.07,179,2653,14.8,15,3,40
2011,Jeremy Kerley,Texas Christian,WR,69.5,189,9,30,,4.56,16,34.5,120,4.03,6.81,,120,1299,10.8,12,4,50
2011,Greg Little,North Carolina,WR,74.5,231,9.13,33.25,,4.51,27,40.5,129,4.21,6.8,11.28,166,805,4.8,6,3,37
2011,Ricardo Lockette,Fort Valley State (GA),WR,74.13,211,9.75,33.75,,4.34,21,35.5,127,4.19,7.15,11.27,,,,,,
2011,Jeff Maehl,Oregon,WR,72.88,190,9.13,31.5,,4.56,7,33.5,115,3.94,6.42,10.88,178,2311,13,24,4,52
2011,Scotty McKnight,Colorado,WR,70.5,182,,,,4.54,12,32.5,125,4.11,6.79,,219,2588,11.8,22,4,49
2011,Denarius Moore,Tennessee,WR,71.63,194,9.5,33,,4.43,13,36,118,4.15,6.78,,112,2004,17.9,18,4,52
2011,Joseph Morgan,Michigan State,WR,72.5,189,9.125,31,,4.48,10,35.5,123,4.25,6.91,,,,,,,
2011,Orenthal Murdock,Fort Hays State (KS),WR,70.5,197,9,32,,4.59,15,34.5,116,4.37,,,,,,,,
2011,Jamar Newsome,Central Florida,WR,72.5,200,9,32.88,,4.56,13,38.5,129,4.22,6.83,,65,986,15.2,7,3,36
2011,Niles Paul,Nebraska,WR,72.88,224,8.88,31,,4.45,24,34.5,117,4.14,6.9,11.75,103,1532,14.9,5,4,46
2011,Austin Pettis,Boise State,WR,74.63,209,9.75,31.75,,4.56,14,33.5,120,3.88,6.68,11.14,229,2838,12.4,39,4,52
2011,Kealoha Pilares,Hawaii,WR,69.88,199,8.75,30.5,,4.56,19,39,122,4.15,6.96,,209,2491,11.9,22,4,47
2011,Aldrick Robinson,Southern Methodist (TX),WR,69.63,184,8.75,29.5,,4.35,17,40,126,4.09,6.65,11.01,181,3314,18.3,30,4,46
2011,Greg Salas,Hawaii,WR,73.13,210,9.25,32,,4.53,15,37,120,4.1,6.65,11.21,285,4345,15.2,26,4,48
2011,DeMarco Sampson,San Diego State,WR,74,204,9.63,33,,4.69,14,34,117,4.3,7.04,,146,2242,15.4,18,4,48
2011,Jock Sanders,West Virginia,WR,66.13,181,8.88,28.25,,4.5,19,34.5,121,4.13,6.78,,206,1980,9.6,14,4,52
2011,Dane Sanzenbacher,Ohio State,WR,71.38,182,8.25,30.5,,4.56,,33.5,118,3.97,6.46,10.94,124,1879,15.2,19,4,50
2011,Cecil Shorts,Mount Union (OH),WR,71.75,205,9.25,31.63,,4.58,21,34.5,114,4.07,6.5,11.18,,,,,,
2011,Keith Smith,Purdue,WR,74.25,214,9.625,32.63,,,,,,,,,158,1709,10.8,8,4,37
2011,Torrey Smith,Maryland,WR,72.88,204,8.63,32.63,,4.41,19,41,126,4.13,6.72,11.33,152,2215,16.6,19,3,38
2011,Owen Spencer,North Carolina State,WR,73.88,195,9.5,33.38,,4.51,6,37.5,125,4.18,6.86,11.16,126,2441,19.4,15,4,49
2011,Terrence Toliver,Louisiana State,WR,75.5,212,10,32,,4.62,,32,122,4.03,6.48,11.4,126,1820,14.4,12,4,53
2011,Terrance Turner,Indiana,WR,73.75,220,9.875,33.5,,4.66,16,41,128,4.15,6.77,,143,1436,10,4,4,41
2011,Ryan Whalen,Stanford,WR,73.13,202,9,30,,4.53,18,38.5,123,4.09,6.67,11.21,140,1884,13.5,7,4,48
2011,Marshall Williams,Wake Forest,WR,72.75,188,9.25,32,,4.56,9,35.5,123,4.09,6.61,11.38,110,1529,13.9,10,3,37
2011,Jimmy Young,Texas Christian,WR,72,204,9,31.38,,4.5,19,37,115,4.18,7.08,,147,2316,15.8,13,4,52
2011,Titus Young,Boise State,WR,71.38,174,9,30.88,,4.43,,33.5,123,4.34,6.96,,204,3063,15,25,4,43
2010,Seyi Ajirotutu,Frenso State (CA),WR,75.38,204,9.38,32.63,,4.6,14,36,115,4.39,7.22,,129,1997,15.5,12,4,46
2010,Danario Alexander,Missouri,WR,76.63,215,10,34.75,,,,,,,,,191,2778,14.5,22,4,47
2010,Alric Arnett,West Virginia,WR,73.75,188,9,32.5,,4.52,,40,122,4.43,7.03,,78,1052,13.5,9,2,26
2010,Terrence Austin,UCLA,WR,69.63,165,,,,4.56,14,34,120,4.32,7.27,,109,1192,10.9,5,4,47
2010,Brandon Banks,Kansas State,WR,66.75,149,8.25,30,,4.43,,31,113,4.29,6.88,,123,1754,14.3,10,2,24
2010,Freddie Barnes,Bowling Green (OH),WR,72,215,,,,4.71,11,29,104,4.59,7.27,,297,3290,11.1,30,4,47
2010,Chris Bell,Norfolk State (VA),WR,74.13,211,9.13,32.25,,4.5,15,35,117,4.35,6.76,,,,,,,
2010,Arrelious Benn,Illinois,WR,73,219,9.38,32.25,,4.57,20,37,118,4.36,6.89,,159,2221,14,7,3,37
2010,Nyan Boateng,California,WR,73,204,9.38,33.25,,4.75,14,36,112,4.69,7.35,,46,707,15.4,7,3,28
2010,Dezmon Briscoe,Kansas,WR,74,207,9.5,33.5,,4.66,9,33,115,4.57,7.1,,219,3240,14.8,31,3,37
2010,Antonio Brown,Central Michigan,WR,70.13,186,9,31,,4.56,13,33.5,105,4.18,6.98,,305,3199,10.5,22,3,41
2010,Dez Bryant,Oklahoma State,WR,74,225,9.75,34,,4.56,13,36.5,130,4.5,7.21,,147,2425,16.5,29,3,28
2010,Chris Carter,UC-Davis,WR,71.38,191,9.38,30.75,,,12,,,,,,,,,,,
2010,Riley Cooper,Florida,WR,75.38,222,10.38,32.63,,4.53,,33,114,4.19,6.84,,81,1496,18.5,18,4,51
2010,Eric Decker,Minnesota,WR,75.13,217,9.13,31,,4.54,15,,,,,,227,3119,13.7,24,4,45
2010,Marcus Easley,Connecticut,WR,74.75,210,8.5,32.75,,4.39,16,34,123,4.6,6.94,11.5,53,997,18.8,8,3,34
2010,Armanti Edwards,Appalachian State (NC),WR,70.88,187,9.5,32.25,,4.45,12,33,120,4.23,6.85,,,,,,,
2010,Jacoby Ford,Clemson,WR,68.88,186,9.25,30.5,,4.22,15,33.5,115,4.44,7,,143,1986,13.9,16,4,48
2010,David Gettis,Baylor,WR,75,217,10,34,,4.43,15,34.5,124,4.41,6.94,,116,1555,13.4,4,4,47
2010,Mardy Gilyard,Cincinnati,WR,71.88,187,9.13,32.25,,4.61,,39,116,4.4,6.92,11.59,204,3003,14.7,25,4,48
2010,Shay Hodge,Mississippi,WR,73.25,209,9.25,33,,4.62,11,33.5,117,4.32,6.9,,173,2646,15.3,22,4,50
2010,Trindon Holliday,Louisiana State,WR,65.25,166,8.25,28.5,,4.21,10,42,116,4.48,6.54,,7,72,10.3,0,4,51
2010,Donald Jones,Youngstown State (OH),WR,72.38,214,9,32,,4.46,20,41,119,4.2,6.9,,,,,,,
2010,Kevin Jurovich,San Jose State,WR,70.63,182,9.5,30.5,,4.49,14,36,119,4.24,,,160,2143,13.4,11,5,41
2010,Brandon LaFell,Louisiana State,WR,74.5,211,8.75,32.75,,4.58,10,36,115,4.23,6.81,,175,2517,14.4,25,4,51
2010,Scott Long,Louisville,WR,74.13,216,9.75,31.25,,4.46,20,41.5,123,4.09,6.45,,91,1286,14.1,4,3,27
2010,Marc Mariani,Montana,WR,72.88,190,,,,4.52,10,35,120,4.27,6.94,,,,,,,
2010,Dexter McCluster,Mississippi,WR,68.75,172,8.38,29.25,18,4.53,20,37.5,118,4.06,6.84,,304,1955,6.4,15,4,40
2010,Chris McGaha,Arizona State,WR,72.88,201,10.13,31.75,,4.52,19,40,122,4.21,6.86,,168,2242,13.3,9,4,50
2010,Kerry Meier,Kansas,WR,74.13,224,9.38,32,,4.62,13,35,115,4.23,6.67,,226,2309,10.2,18,4,46
2010,Carlton Mitchell,South Florida,WR,74.88,215,10.63,33.5,,4.46,16,36,122,4.55,6.96,,105,1648,15.7,9,3,37
2010,Chris Mitchell,Louisiana State,WR,71.75,189,,,,4.49,11,36,116,4.39,7.03,,24,239,10,2,4,45
2010,Preston Parker,North Alabama,WR,71.25,199,9.25,30.375,,4.66,16,35,117,4.16,7.03,,104,1189,11.4,5,3,33
2010,Jared Perry,Missouri,WR,72.75,178,9,32,,4.51,11,33.5,121,4.39,6.75,,137,1844,13.5,13,4,52
2010,Taylor Price,Ohio,WR,72.38,204,9.5,31.25,,4.4,16,37,114,4.34,6.82,,149,2019,13.6,14,4,52
2010,David Reed,Utah,WR,72.13,191,9.38,31.75,,4.56,15,37,114,4.38,6.95,,106,1615,15.2,11,2,26
2010,Andre Roberts,Citadel (SC),WR,70.88,195,9.5,31.5,,4.4,15,36,120,4.15,6.77,,,,,,,
2010,Emmanuel Sanders,Southern Methodist (TX),WR,70.88,186,9.25,32,,4.4,12,39.5,126,4.1,6.64,,285,3791,13.3,34,4,47
2010,Jordan Shipley,Texas,WR,71.25,193,9.63,30.5,,4.6,16,36.5,116,4.26,7.03,,248,3191,12.9,33,4,53
2010,Juamorris Stewart,Southern (LA),WR,72.88,201,,,,4.63,4,35.5,113,4.42,7.19,,,,,,,
2010,Golden Tate,Notre Dame,WR,70.25,199,9.25,30.5,,4.42,17,35,120,4.34,7.12,,157,2707,17.2,26,3,37
2010,Demaryius Thomas,Georgia Tech,WR,75.25,224,10.5,33,,,,,,,,,120,2339,19.5,15,3,39
2010,Tim Toone,Weber State (UT),WR,70.25,185,,,,4.46,12,34.5,117,4.3,6.86,,,,,,,
2010,Verran Tucker,California,WR,73.63,200,9.25,33.25,,4.69,5,35,118,4.13,6.98,,50,815,16.3,4,2,24
2010,Roberto Wallace,San Diego State,WR,75.88,223,,,,4.52,18,35,120,4.16,6.91,,73,940,12.9,4,3,32
2010,Joe Webb,Alabama-Birmingham,WR,74.75,223,,,,4.48,20,41,134,4.08,6.82,,32,471,14.7,4,4,37
2010,Chastin West,Frenso State (CA),WR,72.38,212,9.88,32.75,,4.61,15,33.5,113,4.46,7.23,,81,1051,13,6,3,38
2010,Blair White,Michigan State,WR,74.25,209,9.25,31.5,,4.49,18,33.5,115,4.03,6.69,11.07,116,1674,14.4,10,3,36
2010,Damian Williams,Southern California,WR,72.63,197,9.25,31.75,,4.52,19,38,118,4.24,6.79,,147,2114,14.4,17,3,38
2010,Jeremy Williams,Tulane (LA),WR,72.13,206,10,31.5,,4.59,14,36,117,4.35,6.73,,197,2807,14.2,19,4,40
2010,Kyle Williams,Arizona State,WR,70,188,9.13,30,,4.4,11,33,118,4.19,7,,109,1626,14.9,18,4,41
2010,Mike Williams,Syracuse,WR,73.5,221,9.25,32.5,,4.53,8,33.5,116,4.31,6.9,,133,2044,15.4,20,3,29
2010,Stephen Williams,Toledo,WR,76.5,210,9.13,33.25,,4.5,15,36.5,125,4.11,6.81,,229,3102,13.5,21,4,46
2010,Ryan Wolfe,Nevada Las Vegas,WR,73,205,9.5,32.5,,,13,32,115,,,,283,3495,12.3,15,4,47