id,offense,offense_conference,defense,defense_conference,home,away,offense_score,defense_score,game_id,drive_id,drive_number,play_number,period,clock.minutes,clock.seconds,offense_timeouts,defense_timeouts,yard_line,yards_to_goal,down,distance,scoring,yards_gained,play_type,play_text,ppa,wallclock
401437008101884101,UCF,American Athletic,Tulane,American Athletic,Tulane,UCF,0,0,401437008,4014370081,1,8,1,11,58,3,3,52,52,4,6,false,0,Punt,"Mitch McCarthy punt for 37 yds, fair catch by Jha'Quan Jackson at the Tulan 15",,2022-12-03T21:14:52.000Z
401437008101957901,UCF,American Athletic,Tulane,American Athletic,Tulane,UCF,0,7,401437008,4014370083,3,8,1,4,20,3,3,65,65,4,14,false,3,Punt,"Mitch McCarthy punt for 46 yds , Jha'Quan Jackson returns for 3 yds to the Tulan 22",,2022-12-03T21:28:53.000Z
401437008102967301,UCF,American Athletic,Tulane,American Athletic,Tulane,UCF,7,17,401437008,4014370089,9,5,2,3,26,3,2,74,74,4,5,false,0,Punt,"Mitch McCarthy punt for 42 yds, fair catch by Jha'Quan Jackson at the Tulan 32",,2022-12-03T22:20:53.000Z
401437008102976301,Tulane,American Athletic,UCF,American Athletic,Tulane,UCF,17,7,401437008,40143700810,10,4,2,2,36,2,3,36,64,4,6,false,0,Punt,"Kriston Esnard punt for 33 yds , Divaad Wilson returns for no gain to the UCF 31",,2022-12-03T22:23:49.000Z
401437008102984701,UCF,American Athletic,Tulane,American Athletic,Tulane,UCF,7,17,401437008,40143700811,11,6,2,1,52,3,0,83,83,4,24,false,0,Punt,"Mitch McCarthy punt for 52 yds , Jha'Quan Jackson returns for no gain to the Tulan 31 Jha'Quan Jackson fumbled, recovered by Tulan Jha'Quan Jackson",,2022-12-03T22:28:10.000Z
401437008103909401,UCF,American Athletic,Tulane,American Athletic,Tulane,UCF,7,24,401437008,40143700815,15,9,3,9,5,3,3,58,58,4,8,false,4,Punt,"Mitch McCarthy punt for 47 yds , Jha'Quan Jackson returns for 4 yds to the Tulan 15",,2022-12-03T23:17:30.000Z
401437008103945601,UCF,American Athletic,Tulane,American Athletic,Tulane,UCF,7,24,401437008,40143700817,17,4,3,5,43,3,3,99,99,4,12,false,0,Punt,"Mitch McCarthy punt for 48 yds, downed at the UCF 49",,2022-12-03T23:28:50.000Z
401437008103958401,Tulane,American Athletic,UCF,American Athletic,Tulane,UCF,24,7,401437008,40143700818,18,4,3,4,15,3,3,53,47,4,8,false,0,Punt,Casey Glover punt for 47 yds for a touchback,,2022-12-03T23:32:18.000Z
401437008103998901,Tulane,American Athletic,UCF,American Athletic,Tulane,UCF,24,14,401437008,40143700820,20,6,3,0,10,3,3,47,53,4,8,false,30,Punt,"Casey Glover punt for 45 yds, downed at the TULANE 8 TULANE Penalty, Kick Catching Interference (-15 Yards) to the UCF 23",,2022-12-03T23:45:11.000Z
401437008104855901,UCF,American Athletic,Tulane,American Athletic,Tulane,UCF,14,24,401437008,40143700821,21,5,4,14,40,3,3,77,77,4,10,false,0,Punt,"Mitch McCarthy punt for 50 yds, fair catch by Lawrence Keys III at the Tulan 27",,2022-12-03T23:54:19.000Z
401437009101859601,Clemson,ACC,North Carolina,ACC,North Carolina,Clemson,0,0,401437009,4014370091,1,5,1,14,3,3,3,68,68,4,8,false,0,Punt,"Aidan Swanson punt for 46 yds, fair catch by Josh Downs at the NCaro 22",,2022-12-04T01:18:59.000Z
401437009101934701,Clemson,ACC,North Carolina,ACC,North Carolina,Clemson,0,7,401437009,4014370093,3,6,1,6,52,3,3,70,70,4,5,false,0,Punt,"Aidan Swanson punt for 48 yds, punt out-of-bounds at the NCaro 22",,2022-12-04T01:34:03.000Z
401437009101944101,North Carolina,ACC,Clemson,ACC,North Carolina,Clemson,7,0,401437009,4014370094,4,5,1,5,58,3,3,22,78,4,10,false,0,Punt,"Ben Kiernan punt for 49 yds, fair catch by Antonio Williams at the Clem 29",,2022-12-04T01:39:17.000Z
401437009103887401,North Carolina,ACC,Clemson,ACC,North Carolina,Clemson,10,24,401437009,40143700912,12,10,3,11,25,3,3,42,58,4,6,false,0,Punt,"Ben Kiernan punt for 41 yds, downed at the Clem 17",,2022-12-04T03:24:18.000Z
401437009103908101,Clemson,ACC,North Carolina,ACC,North Carolina,Clemson,24,10,401437009,40143700913,13,4,3,9,18,3,3,84,84,4,11,false,6,Punt,"Aidan Swanson punt for 40 yds , Josh Downs returns for 6 yds to the 50 yard line",,2022-12-04T03:27:32.000Z
401437009103959101,North Carolina,ACC,Clemson,ACC,North Carolina,Clemson,10,32,401437009,40143700915,15,5,3,4,8,3,3,28,72,4,7,false,-2,Punt,"Ben Kiernan punt for 56 yds , Antonio Williams returns for a loss of 2 yards to the Clem 14",,2022-12-04T03:45:31.000Z
401437009104988001,Clemson,ACC,North Carolina,ACC,North Carolina,Clemson,39,10,401437009,40143700920,20,7,4,1,19,2,3,70,70,4,10,false,0,Punt,"Jack Smith punt for 47 yds, fair catch by Josh Downs at the NCaro 23",,2022-12-04T04:35:49.000Z
401437030101884201,Kansas State,Big 12,TCU,Big 12,TCU,Kansas State,0,0,401437030,4014370301,1,8,1,11,57,3,3,57,57,4,5,false,7,Punt,"Ty Zentner punt for 56 yds , Taye Barber returns for 7 yds to the TCU 8",,2022-12-03T17:16:58.000Z
401437030101964301,Kansas State,Big 12,TCU,Big 12,TCU,Kansas State,0,7,401437030,4014370303,3,5,1,3,56,3,1,78,78,4,8,false,0,Punt,"Ty Zentner punt for 39 yds, downed at the TCU 39",,2022-12-03T17:40:20.000Z
401437030102856201,TCU,Big 12,Kansas State,Big 12,TCU,Kansas State,7,7,401437030,4014370306,6,7,2,14,37,1,3,29,71,4,15,false,11,Punt,"Jordy Sandy punt for 49 yds , Phillip Brooks returns for 11 yds to the KanSt 33",,2022-12-03T17:59:12.000Z
401437030102877101,Kansas State,Big 12,TCU,Big 12,TCU,Kansas State,7,7,401437030,4014370307,7,6,2,12,28,3,1,50,50,4,7,false,0,Punt,"Ty Zentner punt for 42 yds, downed at the TCU 8",,2022-12-03T18:05:25.000Z
401437030102889401,TCU,Big 12,Kansas State,Big 12,TCU,Kansas State,7,7,401437030,4014370308,8,5,2,11,5,0,3,15,85,4,3,false,0,Punt,"Jordy Sandy punt for 44 yds, fair catch by Phillip Brooks at the KanSt 41",,2022-12-03T18:14:50.000Z
401437030102915401,TCU,Big 12,Kansas State,Big 12,TCU,Kansas State,7,14,401437030,40143703010,10,6,2,8,45,0,3,39,61,4,6,false,0,Punt,"Jordy Sandy punt for 37 yds, fair catch by Phillip Brooks at the KanSt 24",,2022-12-03T18:24:20.000Z
401437030102979001,Kansas State,Big 12,TCU,Big 12,TCU,Kansas State,14,7,401437030,40143703013,13,4,2,2,9,3,0,65,65,4,6,false,0,Punt,"Ty Zentner punt for 45 yds , Taye Barber returns for no gain to the TCU 20",,2022-12-03T18:42:17.000Z
401437030103864501,TCU,Big 12,Kansas State,Big 12,TCU,Kansas State,10,14,401437030,40143703016,16,5,3,13,54,3,3,14,86,4,9,false,0,Punt,"Jordy Sandy punt for 48 yds, fair catch by Phillip Brooks at the KanSt 38",,2022-12-03T19:18:38.000Z
401437030103897901,TCU,Big 12,Kansas State,Big 12,TCU,Kansas State,10,21,401437030,40143703018,18,5,3,10,20,3,3,27,73,4,16,false,3,Punt,"Jordy Sandy punt for 46 yds , Phillip Brooks returns for 3 yds to the KanSt 30 Phillip Brooks fumbled, recovered by TCU Trent Battle",,2022-12-03T19:28:55.000Z
401437030103977301,Kansas State,Big 12,TCU,Big 12,TCU,Kansas State,21,17,401437030,40143703020,20,14,3,2,26,3,3,45,45,4,16,false,0,Punt,Ty Zentner punt for 45 yds for a touchback,,2022-12-03T19:44:53.000Z
401437030104955201,Kansas State,Big 12,TCU,Big 12,TCU,Kansas State,28,20,401437030,40143703024,24,7,4,4,47,3,3,65,65,4,6,false,45,Punt,"Ty Zentner punt for 50 yds, fair catch by Taye Barber at the TCU 15 KANSAS ST Penalty, Illegal Formation (-5 Yards) to the TCU 20",,2022-12-03T20:25:49.000Z
401437030104996101,Kansas State,Big 12,TCU,Big 12,TCU,Kansas State,28,28,401437030,40143703026,26,9,4,0,38,2,3,48,48,4,10,false,0,Punt,"Ty Zentner punt for 42 yds, downed at the TCU 6",,2022-12-03T20:42:34.000Z
401437031101874001,Purdue,Big Ten,Michigan,Big Ten,Michigan,Purdue,0,0,401437031,4014370311,1,5,1,12,59,3,3,91,91,4,20,false,1,Punt,"Jack Ansell punt for 47 yds , A.J. Henning returns for 1 yd to the Mich 45",,2022-12-04T01:21:26.000Z
401437031101968801,Michigan,Big Ten,Purdue,Big Ten,Michigan,Purdue,7,7,401437031,4014370314,4,5,1,3,11,3,3,22,78,4,13,false,0,Punt,"Brad Robbins punt for 40 yds , Charlie Jones returns for no gain to the Prdue 38",,2022-12-04T02:00:34.000Z
401437031102994801,Michigan,Big Ten,Purdue,Big Ten,Michigan,Purdue,14,13,401437031,4014370318,8,5,2,0,51,3,3,33,67,4,2,false,0,Punt,"Brad Robbins punt for 39 yds, fair catch by Charlie Jones at the Prdue 28",,2022-12-04T02:47:30.000Z
401437031103887901,Purdue,Big Ten,Michigan,Big Ten,Michigan,Purdue,13,21,401437031,40143703111,11,5,3,11,20,3,3,71,71,4,6,false,0,Punt,"Jack Ansell punt for 38 yds, fair catch by A.J. Henning at the Mich 33",,2022-12-04T03:33:56.000Z
401437031103926101,Michigan,Big Ten,Purdue,Big Ten,Michigan,Purdue,28,13,401437031,40143703114,14,4,3,7,38,3,3,10,90,4,1,false,0,Punt,"Brad Robbins punt for 49 yds, fair catch by Charlie Jones at the Prdue 41",,2022-12-04T03:51:20.000Z
401437031104899201,Michigan,Big Ten,Purdue,Big Ten,Michigan,Purdue,28,19,401437031,40143703118,18,6,4,10,7,3,3,52,48,4,3,false,0,Punt,"Brad Robbins punt for 36 yds, fair catch by Charlie Jones at the Prdue 12",,2022-12-04T04:25:27.000Z
401437032102906001,UT San Antonio,Conference USA,North Texas,Conference USA,UT San Antonio,North Texas,7,10,401437032,4014370325,5,5,2,9,39,3,3,31,69,4,4,false,0,Punt,"Lucas Dean punt for 46 yds, fair catch by Roderic Burns at the NoTex 23",,2022-12-03T01:26:21.000Z
401437032102934701,North Texas,Conference USA,UT San Antonio,Conference USA,UT San Antonio,North Texas,10,14,401437032,4014370328,8,7,2,6,52,3,3,54,54,4,9,false,0,Punt,"Bernardo Rodriguez punt for 44 yds, fair catch by Chris Carpenter at the TexSA 10",,2022-12-03T01:38:35.000Z
401437032102996201,North Texas,Conference USA,UT San Antonio,Conference USA,UT San Antonio,North Texas,10,17,401437032,40143703210,10,7,2,0,37,0,2,79,79,4,14,false,0,Punt,"Bernardo Rodriguez punt for 41 yds, fair catch by Chris Carpenter at the TexSA 38",,2022-12-03T01:59:57.000Z
401437032104944701,UT San Antonio,Conference USA,North Texas,Conference USA,UT San Antonio,North Texas,41,27,401437032,40143703220,20,10,4,5,52,2,3,48,52,4,19,false,4,Punt,"Lucas Dean punt for 37 yds , Roderic Burns returns for 4 yds to the NoTex 19",,2022-12-03T03:42:37.000Z
401437032104969301,North Texas,Conference USA,UT San Antonio,Conference USA,UT San Antonio,North Texas,27,48,401437032,40143703223,23,7,4,3,6,0,2,89,89,4,14,false,0,Punt,"Bernardo Rodriguez punt for 56 yds, downed at the TexSA 33",,2022-12-03T03:57:56.000Z
401437033101907401,Ohio,Mid-American,Toledo,Mid-American,Ohio,Toledo,0,7,401437033,4014370332,2,5,1,9,25,3,3,51,49,4,4,false,0,Punt,"Jack Wilson punt for 47 yds, downed at the Toled 2",,2022-12-03T17:20:03.000Z
401437033101945401,Toledo,Mid-American,Ohio,Mid-American,Ohio,Toledo,7,0,401437033,4014370333,3,8,1,5,45,3,3,55,55,3,8,false,0,Punt,"Thomas Cluckey punt for 48 yds, downed at the Ohio 7",,2022-12-03T17:32:38.000Z
401437033101987301,Ohio,Mid-American,Toledo,Mid-American,Ohio,Toledo,0,7,401437033,4014370334,4,8,1,1,26,3,3,43,57,4,7,false,27,Punt,"Jack Wilson punt for 42 yds, fair catch by Adam Beale at the OHIO 15 OHIO Penalty, Kick Catching Interference (-15 Yards) to the Toled 30",,2022-12-03T17:38:49.000Z
401437033102859801,Toledo,Mid-American,Ohio,Mid-American,Ohio,Toledo,7,0,401437033,4014370335,5,7,2,14,1,3,3,75,75,4,15,false,0,Punt,"Jonathon Batzke punt for 59 yds, downed at the Ohio 16",,2022-12-03T17:48:45.000Z
401437033102939101,Toledo,Mid-American,Ohio,Mid-American,Ohio,Toledo,7,7,401437033,4014370337,7,5,2,6,8,2,2,74,74,4,9,false,0,Punt,"Jonathon Batzke punt for 39 yds , Sam Wiglusz returns for no gain to the Ohio 35",,2022-12-03T18:15:00.000Z
401437033103864101,Ohio,Mid-American,Toledo,Mid-American,Ohio,Toledo,7,10,401437033,40143703311,11,5,3,13,58,3,3,30,70,4,4,false,0,Punt,"Jack Wilson punt for 51 yds, downed at the Toled 19",,2022-12-03T19:04:30.000Z
401437033103895501,Toledo,Mid-American,Ohio,Mid-American,Ohio,Toledo,10,7,401437033,40143703312,12,7,3,10,44,3,3,62,62,4,6,false,0,Punt,"Jonathon Batzke punt for 39 yds, downed at the Ohio 23",,2022-12-03T19:09:25.000Z
401437033103914501,Ohio,Mid-American,Toledo,Mid-American,Ohio,Toledo,7,10,401437033,40143703313,13,4,3,8,54,3,3,22,78,4,11,false,20,Punt,"Jack Wilson punt for 43 yds , Adam Beale returns for 20 yds to the Toled 42 TOLEDO Penalty, Personal Foul (15 Yards) to the Toled 40",,2022-12-03T19:15:49.000Z
401437033103974801,Ohio,Mid-American,Toledo,Mid-American,Ohio,Toledo,7,10,401437033,40143703315,15,8,3,2,51,3,3,59,41,4,10,false,0,Punt,"Jack Wilson punt for 31 yds, fair catch by Adam Beale at the Toled 10",,2022-12-03T19:31:30.000Z
401437033104956701,Toledo,Mid-American,Ohio,Mid-American,Ohio,Toledo,17,7,401437033,40143703318,18,7,4,4,32,3,3,51,51,4,11,false,0,Punt,"Jonathon Batzke punt for 49 yds, downed at the Ohio 2",,2022-12-03T20:07:56.000Z
401437034101899901,Fresno State,Mountain West,Boise State,Mountain West,Boise State,Fresno State,0,0,401437034,4014370342,2,4,1,10,0,3,3,59,59,4,4,false,0,Punt,Carson King punt for 59 yds for a touchback,,2022-12-03T21:15:43.000Z
401437034101928801,Boise State,Mountain West,Fresno State,Mountain West,Boise State,Fresno State,0,0,401437034,4014370343,3,7,1,7,11,3,3,39,61,4,6,false,10,Punt,"James Ferguson-Reynolds punt for 41 yds , Nikko Remigio returns for 10 yds to the FrsSt 30",,2022-12-03T21:22:29.000Z
401437034101945301,Fresno State,Mountain West,Boise State,Mountain West,Boise State,Fresno State,0,0,401437034,4014370344,4,4,1,5,46,3,3,74,74,4,14,false,0,Punt,"Carson King punt for 41 yds, downed at the BoiSt 33",,2022-12-03T21:29:35.000Z
401437034101956901,Boise State,Mountain West,Fresno State,Mountain West,Boise State,Fresno State,0,0,401437034,4014370345,5,4,1,4,30,3,3,34,66,4,9,false,0,Punt,"James Ferguson-Reynolds punt for 43 yds, fair catch by Nikko Remigio at the FrsSt 23",,2022-12-03T21:34:18.000Z
401437034102909101,Fresno State,Mountain West,Boise State,Mountain West,Boise State,Fresno State,0,3,401437034,4014370348,8,5,2,9,8,3,3,59,59,4,16,false,0,Punt,"Carson King punt for 33 yds, fair catch by Latrell Caples at the BoiSt 26",,2022-12-03T22:03:16.000Z
401437034102925801,Boise State,Mountain West,Fresno State,Mountain West,Boise State,Fresno State,3,0,401437034,4014370349,9,5,2,7,41,3,3,41,59,4,7,false,2,Punt,"James Ferguson-Reynolds punt for 49 yds , Nikko Remigio returns for 2 yds to the FrsSt 12",,2022-12-03T22:09:09.000Z
401437034102954101,Fresno State,Mountain West,Boise State,Mountain West,Boise State,Fresno State,0,3,401437034,40143703410,10,7,2,4,58,3,3,64,64,4,7,false,0,Punt,"Carson King punt for 39 yds , Latrell Caples returns for no gain to the BoiSt 25",,2022-12-03T22:16:17.000Z
401437034102964501,Boise State,Mountain West,Fresno State,Mountain West,Boise State,Fresno State,3,7,401437034,40143703411,11,4,2,3,54,3,3,25,75,4,10,true,70,Punt,"James Ferguson-Reynolds punt for 45 yds , Nikko Remigio returns for 70 yds for a TD (Abraham Montano KICK)",,2022-12-03T22:19:23.000Z
401437034103868301,Fresno State,Mountain West,Boise State,Mountain West,Boise State,Fresno State,14,6,401437034,40143703416,16,5,3,13,16,3,3,92,92,4,27,false,0,Punt,"Carson King punt for 43 yds, downed at the BoiSt 49",,2022-12-03T23:00:34.000Z
401437034103919501,Fresno State,Mountain West,Boise State,Mountain West,Boise State,Fresno State,14,9,401437034,40143703418,18,5,3,8,4,3,3,67,67,4,2,false,0,Punt,"Carson King punt for 31 yds, fair catch by Latrell Caples at the BoiSt 36",,2022-12-03T23:15:30.000Z
401437034103939401,Boise State,Mountain West,Fresno State,Mountain West,Boise State,Fresno State,9,14,401437034,40143703419,19,6,3,6,5,3,3,55,45,4,5,false,0,Punt,"James Ferguson-Reynolds punt for 32 yds, fair catch by Nikko Remigio at the FrsSt 13",,2022-12-03T23:23:07.000Z
401437034104914801,Boise State,Mountain West,Fresno State,Mountain West,Boise State,Fresno State,9,28,401437034,40143703423,23,5,4,8,51,3,2,31,69,4,4,false,0,Punt,"James Ferguson-Reynolds punt for 38 yds, fair catch by Nikko Remigio at the FrsSt 31",,2022-12-04T00:01:36.000Z
401437034104937401,Fresno State,Mountain West,Boise State,Mountain West,Boise State,Fresno State,28,9,401437034,40143703424,24,4,4,6,25,2,3,69,69,4,10,false,11,Punt,"Carson King punt for 44 yds , Latrell Caples returns for 11 yds to the BoiSt 36",,2022-12-04T00:04:53.000Z
401437035101984701,Utah,Pac-12,USC,Pac-12,USC,Utah,3,14,401437035,4014370354,4,5,1,1,52,3,1,73,73,4,8,false,0,Punt,"Jack Bouwmeester punt for 47 yds, fair catch by Jordan Addison at the USC 26",,2022-12-03T01:55:22.000Z
401437035102985901,USC,Pac-12,Utah,Pac-12,USC,Utah,17,10,401437035,4014370359,9,6,2,1,40,1,3,41,59,4,12,false,0,Punt,"Aadyn Sleep-Dalton punt for 40 yds, fair catch by Devaughn Vele at the Utah 19",,2022-12-03T02:35:03.000Z
401437035103875801,Utah,Pac-12,USC,Pac-12,USC,Utah,17,17,401437035,40143703512,12,6,3,12,41,3,3,53,53,4,6,false,0,Punt,"Jack Bouwmeester punt for 38 yds, fair catch by Jordan Addison at the USC 15",,2022-12-03T03:18:24.000Z
401437035103886901,USC,Pac-12,Utah,Pac-12,USC,Utah,17,17,401437035,40143703513,13,4,3,11,30,3,3,9,91,4,16,false,0,Punt,"Aadyn Sleep-Dalton punt for 39 yds, fair catch by Devaughn Vele at the USC 48",,2022-12-03T03:23:11.000Z
401437035103909301,USC,Pac-12,Utah,Pac-12,USC,Utah,17,24,401437035,40143703515,15,5,3,9,6,3,3,28,72,4,7,false,0,Punt,"Aadyn Sleep-Dalton punt for 38 yds, fair catch by Devaughn Vele at the Utah 34",,2022-12-03T03:34:36.000Z
401437035103938901,Utah,Pac-12,USC,Pac-12,USC,Utah,24,17,401437035,40143703516,16,6,3,6,10,3,3,51,51,4,5,false,0,Punt,"Jack Bouwmeester punt for 46 yds, fair catch by Jordan Addison at the USC 5",,2022-12-03T03:40:10.000Z
401437035103949301,USC,Pac-12,Utah,Pac-12,USC,Utah,17,24,401437035,40143703517,17,4,3,5,6,3,3,9,91,4,6,false,0,Punt,"Aadyn Sleep-Dalton punt for 49 yds, punt out-of-bounds at the Utah 42",,2022-12-03T03:45:39.000Z
401437036101876601,LSU,SEC,Georgia,SEC,Georgia,LSU,0,0,401437036,4014370361,1,8,1,12,33,3,3,54,54,4,5,false,0,Punt,"Jay Bramblett punt for 33 yds, downed at the Geo 21",,2022-12-03T21:16:34.000Z
401437036101894701,Georgia,SEC,LSU,SEC,Georgia,LSU,0,0,401437036,4014370362,2,4,1,10,52,3,3,27,73,4,4,false,0,Punt,"Brett Thorson punt for 56 yds , Gregory Clayton Jr. returns for no gain to the LSU 17",,2022-12-03T21:21:58.000Z
401437036102866701,LSU,SEC,Georgia,SEC,Georgia,LSU,7,21,401437036,4014370368,8,5,2,13,32,2,3,67,67,4,2,false,0,Punt,"Jay Bramblett punt for 50 yds, fair catch by Ladd McConkey at the Geo 17",,2022-12-03T22:07:30.000Z
401437036102924501,LSU,SEC,Georgia,SEC,Georgia,LSU,7,21,401437036,40143703610,10,4,2,7,54,2,3,75,75,4,10,false,0,Punt,"Jay Bramblett punt for 51 yds, fair catch by Ladd McConkey at the Geo 24",,2022-12-03T22:20:32.000Z
401437036102984101,LSU,SEC,Georgia,SEC,Georgia,LSU,7,28,401437036,40143703612,12,6,2,1,58,2,2,81,81,4,16,false,0,Punt,"Jay Bramblett punt for 39 yds, fair catch by Ladd McConkey at the Geo 42",,2022-12-03T22:40:41.000Z
401437036103907201,Georgia,SEC,LSU,SEC,Georgia,LSU,35,17,401437036,40143703617,17,5,3,9,27,3,3,33,67,4,2,false,0,Punt,"Brett Thorson punt for 40 yds, fair catch by Gregory Clayton Jr. at the LSU 27",,2022-12-03T23:38:14.000Z
401437036104909201,Georgia,SEC,LSU,SEC,Georgia,LSU,50,23,401437036,40143703623,23,4,4,9,7,3,2,28,72,4,2,false,0,Punt,"Brett Thorson punt for 55 yds, fair catch by Gregory Clayton Jr. at the LSU 17",,2022-12-04T00:28:54.000Z
401437036104955601,Georgia,SEC,LSU,SEC,Georgia,LSU,50,30,401437036,40143703625,25,5,4,4,43,3,2,34,66,4,1,false,0,Punt,"Brett Thorson punt for 56 yds, downed at the LSU 10",,2022-12-04T00:45:46.000Z
401437037101905901,Coastal Carolina,Sun Belt,Troy,Sun Belt,Troy,Coastal Carolina,0,3,401437037,4014370372,2,5,1,9,40,3,3,68,68,4,3,false,0,Punt,"Evan Crenshaw punt for 33 yds, punt out-of-bounds at the Troy 35",,2022-12-03T20:54:11.000Z
401437037101944701,Coastal Carolina,Sun Belt,Troy,Sun Belt,Troy,Coastal Carolina,0,10,401437037,4014370374,4,7,1,5,52,3,3,71,71,4,17,false,10,Punt,"Evan Crenshaw punt for 43 yds , Orlando Lacey returns for 10 yds to the Troy 38",,2022-12-03T21:04:30.000Z
401437037102854801,Troy,Sun Belt,Coastal Carolina,Sun Belt,Troy,Coastal Carolina,17,0,401437037,4014370377,7,6,2,14,51,3,3,58,42,4,20,false,0,Punt,"Mike Rivers punt for 34 yds, downed at the CCaro 8",,2022-12-03T21:22:52.000Z
401437037102867801,Coastal Carolina,Sun Belt,Troy,Sun Belt,Troy,Coastal Carolina,0,17,401437037,4014370378,8,4,2,13,21,3,3,90,90,4,8,false,0,Punt,"Evan Crenshaw punt for 38 yds, fair catch by Tez Johnson at the CCaro 48",,2022-12-03T21:26:07.000Z
401437037102886601,Coastal Carolina,Sun Belt,Troy,Sun Belt,Troy,Coastal Carolina,0,24,401437037,40143703710,10,5,2,11,33,3,3,73,73,4,8,false,47,Punt,"Evan Crenshaw punt for 37 yds, fair catch by Tez Johnson at the TROY 36 TROY Penalty, Offensive Holding (10 Yards) to the Troy 26",,2022-12-03T21:36:07.000Z
401437037102959501,Troy,Sun Belt,Coastal Carolina,Sun Belt,Troy,Coastal Carolina,31,0,401437037,40143703713,13,4,2,4,4,3,3,28,72,4,19,false,7,Punt,"Mike Rivers punt for 49 yds , Tyson Mobley returns for 7 yds to the CCaro 30",,2022-12-03T21:57:51.000Z
401437037104898701,Troy,Sun Belt,Coastal Carolina,Sun Belt,Troy,Coastal Carolina,45,19,401437037,40143703721,21,8,4,10,12,3,3,59,41,4,14,false,0,Punt,"Mike Rivers punt for 26 yds, punt out-of-bounds at the CCaro 15",,2022-12-03T23:27:05.000Z
401437037104949801,Troy,Sun Belt,Coastal Carolina,Sun Belt,Troy,Coastal Carolina,45,26,401437037,40143703723,23,7,4,5,1,3,1,58,42,4,6,false,0,Punt,"Mike Rivers punt for 36 yds, fair catch by Tyson Mobley at the CCaro 6",,2022-12-03T23:49:11.000Z
401437132101868201,Southern,SWAC,Jackson State,SWAC,Jackson State,Southern,0,0,401437132,4014371321,1,5,1,13,17,3,3,72,72,4,8,false,0,Punt,"Robens Beuplan punt for 37 yds, fair catch by Willie Gaines at the JckSt 35",,2022-12-03T21:15:11.000Z
401437132102907501,Southern,SWAC,Jackson State,SWAC,Jackson State,Southern,7,33,401437132,40143713211,11,6,2,9,24,2,2,81,81,4,22,false,0,Punt,"Robens Beuplan punt for 41 yds, fair catch by Willie Gaines at the JckSt 40",,2022-12-03T22:20:49.000Z
401437132102928601,Jackson State,SWAC,Southern,SWAC,Jackson State,Southern,33,7,401437132,40143713212,12,6,2,7,13,2,2,52,48,4,13,false,0,Punt,"Sam Johnson punt for 38 yds, punt out-of-bounds at the Sthrn 10",,2022-12-03T22:28:48.000Z
401437132102967901,Southern,SWAC,Jackson State,SWAC,Jackson State,Southern,7,33,401437132,40143713213,13,13,2,3,20,1,2,60,60,4,25,false,1,Punt,"Robens Beuplan punt for 38 yds , Willie Gaines returns for 1 yd to the JckSt 23",,2022-12-03T22:40:32.000Z
401437132104875701,Jackson State,SWAC,Southern,SWAC,Jackson State,Southern,43,24,401437132,40143713222,22,4,4,12,42,3,3,54,46,4,22,false,0,Punt,"Sam Johnson punt for 34 yds, punt out-of-bounds at the Sthrn 12",,2022-12-04T00:13:04.000Z
401437132104956201,Jackson State,SWAC,Southern,SWAC,Jackson State,Southern,43,24,401437132,40143713224,24,7,4,4,37,3,2,42,58,4,4,false,0,Punt,"Sam Johnson punt for 35 yds, fair catch by Chandler Whitfield at the Sthrn 23",,2022-12-04T00:34:02.000Z
401437132104967501,Southern,SWAC,Jackson State,SWAC,Jackson State,Southern,24,43,401437132,40143713225,25,5,4,3,24,1,3,73,73,4,6,false,0,Punt,"Robens Beuplan punt for 36 yds , Willie Gaines returns for no gain to the JckSt 37 Willie Gaines fumbled, recovered by Sthrn Joshua Short",,2022-12-04T00:41:33.000Z
401506571101894811,Furman,Southern,Incarnate Word,Southland,Incarnate Word,Furman,7,7,401506571,4015065714,3,9,1,10,51,3,3,44,44,4,8,false,0,Punt,"Ryan Leavy punt for 39 yds, downed at the InWrd 5",,2022-12-03T19:16:12.000Z
401506571102865810,Furman,Southern,Incarnate Word,Southland,Incarnate Word,Furman,17,21,401506571,40150657110,9,11,2,13,41,3,3,36,36,4,11,false,0,Punt,"Ryan Leavy punt for 24 yds, fair catch by Kole Wilson at the InWrd 12",,2022-12-03T19:55:30.000Z
401506571102929605,Furman,Southern,Incarnate Word,Southland,Incarnate Word,Furman,17,28,401506571,40150657112,11,6,2,7,3,3,3,75,75,4,9,false,0,Punt,"Ryan Leavy punt for 50 yds , Kole Wilson returns for no gain to the InWrd 21 Kole Wilson fumbled, recovered by InWrd Kole Wilson  , return for a loss of 1 yard to the InWrd 21",,2022-12-03T20:18:01.000Z
401506571103876106,Furman,Southern,Incarnate Word,Southland,Incarnate Word,Furman,17,31,401506571,40150657117,16,5,3,12,38,3,3,68,68,4,3,false,0,Punt,"Ryan Leavy punt for 40 yds, fair catch by Kole Wilson at the InWrd 28",,2022-12-03T21:08:32.000Z
401506571103894805,Incarnate Word,Southland,Furman,Southern,Incarnate Word,Furman,31,17,401506571,40150657118,17,5,3,10,51,3,3,26,74,4,12,false,0,Punt,"Keven Nguyen punt for 41 yds, punt out-of-bounds at the Furm 33",,2022-12-03T21:12:14.000Z
401506571103906306,Furman,Southern,Incarnate Word,Southland,Incarnate Word,Furman,17,31,401506571,40150657119,18,6,3,9,36,3,3,46,46,4,15,false,0,Punt,Ryan Leavy punt for 33 yds,,2022-12-03T21:17:54.000Z
401506571103926404,Incarnate Word,Southland,Furman,Southern,Incarnate Word,Furman,31,17,401506571,40150657120,19,4,3,7,35,3,3,10,90,4,13,false,0,Punt,"Keven Nguyen punt for 42 yds, fair catch by Joshua Harris at the Furm 48",,2022-12-03T21:25:48.000Z
401506571104886204,Incarnate Word,Southland,Furman,Southern,Incarnate Word,Furman,34,24,401506571,40150657124,23,4,4,11,37,3,3,10,90,4,6,false,70,Punt,"Keven Nguyen punt for 55 yds, fair catch by Joshua Harris at the INCARNATEW 35 for a 1ST down FURMAN Penalty, unsportsmanlike conduct (Cameron Coleman) to the 50 yard line for a 1ST down",,2022-12-03T21:53:55.000Z
401506571104976102,Furman,Southern,Incarnate Word,Southland,Incarnate Word,Furman,38,34,401506571,40150657129,28,7,4,2,38,3,1,95,95,4,25,false,8,Punt,"Ryan Leavy punt for 46 yds, punt out-of-bounds at the Furm 43 , Kole Wilson returns for 8 yds to the Furm 43",,2022-12-03T21:43:37.000Z
401506610101000033,Holy Cross,Patriot,New Hampshire,CAA,Holy Cross,New Hampshire,0,0,401506610,4015066101,2,9,1,0,0,3,3,38,62,4,11,false,0,Punt,"Patrick Haughney punt for 36 yds , Charles Briscoe III returns for no gain to the NHamp 26",,2022-12-03T17:42:58.000Z
401506610101944901,New Hampshire,CAA,Holy Cross,Patriot,Holy Cross,New Hampshire,2,7,401506610,4015066105,5,1,1,5,50,3,3,57,57,4,1,false,0,Punt,Sean Lehane punt for 57 yds,,2022-12-03T17:29:35.000Z
401506610101966901,Holy Cross,Patriot,New Hampshire,CAA,Holy Cross,New Hampshire,7,2,401506610,4015066106,6,1,1,3,30,3,3,14,86,4,16,true,0,Punt,punt for no gain for a SAFETY,,2022-12-03T17:37:36.000Z
401506610101985501,New Hampshire,CAA,Holy Cross,Patriot,Holy Cross,New Hampshire,2,7,401506610,4015066107,7,2,1,1,44,3,3,60,60,3,9,false,22,Punt,"punt for no gain , Devin Haskins returns for 22 yds to the NHamp 24",,2022-12-03T17:41:14.000Z
401506610102875701,New Hampshire,CAA,Holy Cross,Patriot,Holy Cross,New Hampshire,2,7,401506610,4015066109,9,4,2,12,42,3,3,83,83,4,13,false,0,Punt,Sean Lehane punt for 53 yds,,2022-12-03T17:53:57.000Z
401506610102994701,New Hampshire,CAA,Holy Cross,Patriot,Holy Cross,New Hampshire,5,7,401506610,40150661013,13,2,2,0,52,3,3,75,75,4,6,false,0,Punt,Sean Lehane punt for 27 yds,,2022-12-03T18:25:13.000Z
401506630101918801,Gardner-Webb,Big South,William & Mary,CAA,William & Mary,Gardner-Webb,0,7,401506630,4015066302,2,6,1,8,11,3,2,66,66,4,1,false,0,Punt,Austin Hendley punt for 59 yds,,2022-12-03T19:11:03.000Z
401506630101956901,William & Mary,CAA,Gardner-Webb,Big South,William & Mary,Gardner-Webb,7,0,401506630,4015066303,3,8,1,4,30,2,3,44,56,4,13,false,0,Punt,"Will Whitehurst punt for 44 yds, fair catch by Cutrell Haywood at the GrdWb 12",,2022-12-03T19:24:24.000Z
401506630102929801,Gardner-Webb,Big South,William & Mary,CAA,William & Mary,Gardner-Webb,0,28,401506630,40150663010,10,5,2,7,1,3,2,85,85,4,20,false,0,Punt,Austin Hendley punt for 35 yds,,2022-12-03T20:07:35.000Z
401506630102929803,Gardner-Webb,Big South,William & Mary,CAA,William & Mary,Gardner-Webb,0,28,401506630,40150663010,10,6,2,7,1,3,2,85,85,4,20,false,0,Punt,Austin Hendley punt for 35 yds,,2022-12-03T20:07:35.000Z
401506630102968401,Gardner-Webb,Big South,William & Mary,CAA,William & Mary,Gardner-Webb,0,31,401506630,40150663012,12,5,2,3,15,3,2,71,71,4,6,false,0,Punt,"Austin Hendley punt for 28 yds, punt out-of-bounds at the WmMry 43",,2022-12-03T20:18:27.000Z
401506630104925601,Gardner-Webb,Big South,William & Mary,CAA,William & Mary,Gardner-Webb,7,54,401506630,40150663022,22,10,4,7,43,2,3,55,55,4,2,false,0,Punt,"Austin Hendley punt for 40 yds , Alex Washington returns for no gain to the WmMry 13",,2022-12-03T21:59:48.000Z
401506630104945201,William & Mary,CAA,Gardner-Webb,Big South,William & Mary,Gardner-Webb,54,7,401506630,40150663023,23,4,4,5,47,3,2,20,80,4,3,false,0,Punt,"Will Whitehurst punt for 40 yds, fair catch by Cutrell Haywood at the GrdWb 40",,2022-12-03T22:01:37.000Z
401506655101985904,Southeastern Louisiana,Southland,Samford,Southern,Samford,Southeastern Louisiana,14,14,401506655,4015066556,6,5,1,1,40,2,3,70,70,4,2,false,0,Punt,"Austin Dunlap punt for 44 yds, punt out-of-bounds at the Samf 26",,2022-12-03T20:45:32.000Z
401506655102849904,Samford,Southern,Southeastern Louisiana,Southland,Samford,Southeastern Louisiana,14,14,401506655,4015066557,7,5,2,15,0,3,2,14,86,4,22,false,0,Punt,Bradley Porcellato punt for 44 yds,,2022-12-03T20:48:13.000Z
401506655103849906,Southeastern Louisiana,Southland,Samford,Southern,Samford,Southeastern Louisiana,14,21,401506655,40150665512,12,5,3,15,0,3,3,73,73,4,8,false,-3,Punt,"Austin Dunlap punt for 48 yds , Judd Cockett returns for a loss of 3 yards to the Samf 22",,2022-12-03T21:50:41.000Z
401506655103949807,Samford,Southern,Southeastern Louisiana,Southland,Samford,Southeastern Louisiana,28,28,401506655,40150665517,17,5,3,5,1,3,3,29,71,4,6,false,0,Punt,"Bradley Porcellato punt for 38 yds , Darius Lewis returns for no gain to the SELa 33 Darius Lewis fumbled, recovered by SELa Darius Lewis",,2022-12-03T22:17:35.000Z
401506655103966604,Southeastern Louisiana,Southland,Samford,Southern,Samford,Southeastern Louisiana,28,28,401506655,40150665518,18,4,3,3,33,3,3,62,62,4,5,false,0,Punt,"Austin Dunlap punt for 48 yds , Judd Cockett returns for no gain to the Samf 14",,2022-12-03T22:21:53.000Z
401506655104854508,Southeastern Louisiana,Southland,Samford,Southern,Samford,Southeastern Louisiana,28,35,401506655,40150665520,20,5,4,14,54,3,3,73,73,4,8,false,0,Punt,"Austin Dunlap punt for 46 yds, fair catch by Judd Cockett at the Samf 27",,2022-12-03T22:31:37.000Z
401506655104917906,Samford,Southern,Southeastern Louisiana,Southland,Samford,Southeastern Louisiana,42,35,401506655,40150665523,23,7,4,8,20,3,3,41,59,4,6,false,0,Punt,"Bradley Porcellato punt for 50 yds, downed at the SELa 9",,2022-12-03T22:56:44.000Z
401506655104929904,Southeastern Louisiana,Southland,Samford,Southern,Samford,Southeastern Louisiana,35,42,401506655,40150665524,24,4,4,7,0,3,3,87,87,4,6,false,0,Punt,"Austin Dunlap punt for 47 yds, fair catch by Judd Cockett at the Samf 40",,2022-12-03T22:56:51.000Z
401506655104975203,Samford,Southern,Southeastern Louisiana,Southland,Samford,Southeastern Louisiana,42,35,401506655,40150665525,25,12,4,2,47,3,1,58,42,4,13,false,0,Punt,"Bradley Porcellato punt for 31 yds, fair catch by Darius Lewis at the SELa 11",,2022-12-03T23:10:55.000Z
401506690101868201,North Dakota State,MVFC,Montana,Big Sky,North Dakota State,Montana,0,0,401506690,4015066901,1,5,1,13,17,3,3,27,73,4,8,false,27,Punt,"Kaedin Steindorf punt for 45 yds , Junior Bergen returns for 27 yds to the NDkSt 45",,2022-12-03T20:35:45.000Z
401506690101885801,Montana,Big Sky,North Dakota State,MVFC,North Dakota State,Montana,0,0,401506690,4015066902,2,5,1,11,41,3,3,48,48,4,13,false,14,Punt,"Patrick Rohrbach punt for 38 yds , Jayden Price returns for 14 yds to the NDkSt 24",,2022-12-03T20:38:52.000Z
401506690101934701,Montana,Big Sky,North Dakota State,MVFC,North Dakota State,Montana,0,7,401506690,4015066904,4,5,1,6,52,3,0,63,63,4,1,false,0,Punt,"Patrick Rohrbach punt for 36 yds, fair catch by Jayden Price at the NDkSt 27",,2022-12-03T20:53:37.000Z
401506690102867801,North Dakota State,MVFC,Montana,Big Sky,North Dakota State,Montana,14,7,401506690,4015066907,7,8,2,13,21,0,3,37,63,4,7,false,0,Punt,"Kaedin Steindorf punt for 52 yds, downed at the Mont 11",,2022-12-03T21:18:31.000Z
401506690102966501,North Dakota State,MVFC,Montana,Big Sky,North Dakota State,Montana,14,10,401506690,4015066909,9,11,2,3,34,-1,3,60,40,4,6,false,0,Punt,"Kaedin Steindorf punt for 38 yds, downed at the Mont 2",,2022-12-03T21:35:36.000Z
401506690103869001,Montana,Big Sky,North Dakota State,MVFC,North Dakota State,Montana,13,21,401506690,40150669013,13,5,3,13,9,3,3,75,75,4,10,false,0,Punt,"Patrick Rohrbach punt for 35 yds, fair catch by Jayden Price at the NDkSt 40",,2022-12-03T22:20:20.000Z
401506690103939601,Montana,Big Sky,North Dakota State,MVFC,North Dakota State,Montana,20,35,401506690,40150669018,18,5,3,6,3,3,0,76,76,4,11,false,0,Punt,"Patrick Rohrbach punt for 37 yds, fair catch by Jayden Price at the NDkSt 39",,2022-12-03T22:43:56.000Z
401506690103974701,North Dakota State,MVFC,Montana,Big Sky,North Dakota State,Montana,35,20,401506690,40150669019,19,6,3,2,52,0,3,47,53,4,12,false,1,Punt,"Kaedin Steindorf punt for 42 yds , Junior Bergen returns for 1 yd to the Mont 12",,2022-12-03T22:49:24.000Z
401506690104887601,Montana,Big Sky,North Dakota State,MVFC,North Dakota State,Montana,20,42,401506690,40150669022,22,5,4,11,23,3,-1,59,59,4,9,false,6,Punt,"Patrick Rohrbach punt for 52 yds , Jayden Price returns for 6 yds to the NDkSt 13",,2022-12-03T23:10:23.000Z
401507088101895201,Valparaiso,Pioneer,New Mexico State,FBS Independents,New Mexico State,Valparaiso,0,0,401507088,4015070881,1,8,1,10,47,3,3,56,56,4,12,false,1,Punt,"Evan Matthes punt for 41 yds , Lawrence Dixon returns for 1 yd to the NMxSt 16",,2022-12-03T20:20:36.000Z
401507088101938101,Valparaiso,Pioneer,New Mexico State,FBS Independents,New Mexico State,Valparaiso,0,7,401507088,4015070883,3,8,1,6,18,3,3,53,53,4,10,false,9,Punt,"Evan Matthes punt for 43 yds , Lawrence Dixon returns for 9 yds to the NMxSt 19",,2022-12-03T20:25:16.000Z
401507088101974401,Valparaiso,Pioneer,New Mexico State,FBS Independents,New Mexico State,Valparaiso,0,14,401507088,4015070885,5,5,1,2,55,3,3,73,73,4,5,false,0,Punt,"Evan Matthes punt for 43 yds, fair catch by Lawrence Dixon at the NMxSt 30",,2022-12-03T20:36:03.000Z
401507088102906501,Valparaiso,Pioneer,New Mexico State,FBS Independents,New Mexico State,Valparaiso,3,28,401507088,4015070889,9,8,2,9,34,3,2,58,58,4,11,false,2,Punt,"Evan Matthes punt for 35 yds , Lawrence Dixon returns for 2 yds to the NMxSt 25",,2022-12-03T21:07:06.000Z
401507088102947901,Valparaiso,Pioneer,New Mexico State,FBS Independents,New Mexico State,Valparaiso,3,35,401507088,40150708811,11,5,2,5,20,3,2,75,75,4,10,false,0,Punt,"Evan Matthes punt for 50 yds, downed at the NMxSt 25",,2022-12-03T21:20:16.000Z
401507088102957601,New Mexico State,FBS Independents,Valparaiso,Pioneer,New Mexico State,Valparaiso,35,3,401507088,40150708812,12,4,2,4,23,2,3,22,78,4,13,false,2,Punt,"Josh Carlson punt for 52 yds , Matt Martin returns for 2 yds to the Valpo 28",,2022-12-03T21:23:57.000Z
401507088102974001,Valparaiso,Pioneer,New Mexico State,FBS Independents,New Mexico State,Valparaiso,3,35,401507088,40150708813,13,4,2,2,59,3,2,76,76,4,14,false,0,Punt,"Evan Matthes punt for 41 yds, downed at the NMxSt 35",,2022-12-03T21:28:49.000Z
401507088102984101,New Mexico State,FBS Independents,Valparaiso,Pioneer,New Mexico State,Valparaiso,35,3,401507088,40150708814,14,4,2,1,58,2,3,25,75,4,20,false,1,Punt,"Josh Carlson punt for 47 yds , Matt Martin returns for 1 yd to the Valpo 29",,2022-12-03T21:35:31.000Z
401507088102995601,Valparaiso,Pioneer,New Mexico State,FBS Independents,New Mexico State,Valparaiso,3,35,401507088,40150708815,15,8,2,0,43,2,1,61,61,4,11,false,0,Punt,"Evan Matthes punt for 35 yds, fair catch by Lawrence Dixon at the NMxSt 26",,2022-12-03T21:39:41.000Z
401507088103869701,New Mexico State,FBS Independents,Valparaiso,Pioneer,New Mexico State,Valparaiso,35,3,401507088,40150708817,17,5,3,13,2,3,3,34,66,4,4,false,0,Punt,"Josh Carlson punt for 44 yds, fair catch by Matt Martin at the Valpo 22",,2022-12-03T22:09:33.000Z
401507088103907401,Valparaiso,Pioneer,New Mexico State,FBS Independents,New Mexico State,Valparaiso,3,42,401507088,40150708820,20,5,3,9,25,3,3,74,74,4,9,false,0,Punt,"Evan Matthes punt for 34 yds, fair catch by Jonathan Brady at the NMxSt 40",,2022-12-03T22:19:45.000Z
401507088104855401,Valparaiso,Pioneer,New Mexico State,FBS Independents,New Mexico State,Valparaiso,3,52,401507088,40150708824,24,10,4,14,45,3,3,70,70,4,9,false,2,Punt,"Evan Matthes punt for 50 yds , Lawrence Dixon returns for 2 yds to the NMxSt 22",,2022-12-03T23:01:57.000Z
401507088104878301,Valparaiso,Pioneer,New Mexico State,FBS Independents,New Mexico State,Valparaiso,3,59,401507088,40150708826,26,8,4,12,16,3,2,71,71,4,16,false,24,Punt,"Evan Matthes punt for 39 yds , Lawrence Dixon returns for 24 yds to the Valpo 44",,2022-12-03T23:01:57.000Z